,index,title,type,country,director,release_year,rating,index,title,genres,director,release_year,country,budget,gross,imdb_score,rating
0,2695,"10,000 B.C.",Movie,"United States, South Africa",Roland Emmerich,2008,PG-13,279,"10,000 B.C.             ",Comedy,Christopher Barnard,,,,,7.2,
1,1343,16 Blocks,Movie,"United States, Germany",Richard Donner,2006,PG-13,1115,16 Blocks ,Action|Crime|Drama|Thriller,Richard Donner,2006.0,Germany,52000000.0,36883539.0,6.6,PG-13
2,5390,21 & Over,Movie,United States,"Jon Lucas, Scott Moore",2013,R,2875,21 & Over ,Comedy,Jon Lucas,2013.0,USA,13000000.0,25675765.0,5.9,R
3,3480,21,Movie,United States,Robert Luketic,2008,PG-13,1412,21 ,Crime|Drama|Thriller,Robert Luketic,2008.0,USA,35000000.0,81159365.0,6.8,PG-13
4,2696,50/50,Movie,United States,Jonathan Levine,2011,R,3368,50/50 ,Comedy|Drama|Romance,Jonathan Levine,2011.0,USA,8000000.0,34963967.0,7.7,R
5,1262,9,Movie,United States,Shane Acker,2009,PG-13,1667,9 ,Action|Adventure|Animation|Drama|Mystery|Sci-Fi|Thriller,Shane Acker,2009.0,USA,30000000.0,31743332.0,7.1,PG-13
6,3481,A Cinderella Story,Movie,"United States, Canada",Mark Rosman,2004,PG,2359,A Cinderella Story ,Comedy|Family|Romance,Mark Rosman,2004.0,USA,20000000.0,51431160.0,5.9,PG
7,2887,A Most Violent Year,Movie,"United Arab Emirates, United States",J.C. Chandor,2014,R,2316,A Most Violent Year ,Action|Crime|Drama|Thriller,J.C. Chandor,2014.0,USA,20000000.0,5749134.0,7.0,R
8,4616,A Night at the Roxbury,Movie,United States,John Fortenberry,1998,PG-13,2500,A Night at the Roxbury ,Comedy|Music|Romance,John Fortenberry,1998.0,USA,17000000.0,30324946.0,6.2,PG-13
9,2158,A Separation,Movie,"Iran, France",Asghar Farhadi,2011,PG-13,4659,A Separation ,Drama|Mystery,Asghar Farhadi,2011.0,Iran,500000.0,7098492.0,8.4,PG-13
10,3371,A Serious Man,Movie,"United States, United Kingdom, France","Ethan Coen, Joel Coen",2009,R,3496,A Serious Man ,Comedy|Drama,Ethan Coen,2009.0,USA,7000000.0,9190525.0,7.0,R
11,1325,A Single Man,Movie,United States,Tom Ford,2009,R,3500,A Single Man ,Drama|Romance,Tom Ford,2009.0,USA,7000000.0,9166863.0,7.6,R
12,5391,About Time,Movie,United Kingdom,Richard Curtis,2013,R,2973,About Time ,Drama|Fantasy|Romance,Richard Curtis,2013.0,UK,12000000.0,15294553.0,7.8,R
13,4006,About a Boy,Movie,"United Kingdom, United States, France, Germany","Chris Weitz, Paul Weitz",2002,PG-13,1810,About a Boy ,Comedy|Drama|Romance,Chris Weitz,2002.0,UK,30000000.0,40566655.0,7.1,PG-13
14,3603,Across the Universe,Movie,"United States, United Kingdom",Julie Taymor,2007,PG-13,4842,Across the Universe ,Drama|Fantasy|Musical|Romance,Julie Taymor,2007.0,USA,45000000.0,24343673.0,7.4,PG-13
15,3603,Across the Universe,Movie,"United States, United Kingdom",Julie Taymor,2007,PG-13,1113,Across the Universe ,Drama|Fantasy|Musical|Romance,Julie Taymor,2007.0,USA,45000000.0,24343673.0,7.4,PG-13
16,1162,Adore,Movie,"Australia, France",Anne Fontaine,2013,R,3947,Adore ,Drama|Romance,Anne Fontaine,2013.0,Australia,16000000.0,317125.0,6.2,R
17,420,After,Movie,United States,Jenny Gage,2019,PG-13,4703,After ,Fantasy|Horror|Mystery|Thriller,Ryan Smith,2012.0,USA,650000.0,,5.4,PG-13
18,2817,All the Boys Love Mandy Lane,Movie,United States,Jonathan Levine,2006,R,4685,All the Boys Love Mandy Lane ,Horror,Jonathan Levine,2006.0,USA,750000.0,,5.6,R
19,779,Along Came a Spider,Movie,"United States, Germany, Canada",Lee Tamahori,2001,R,1751,Along Came a Spider ,Crime|Drama|Thriller,Lee Tamahori,2001.0,USA,60000000.0,74058698.0,6.3,R
20,3483,American Beauty,Movie,United States,Sam Mendes,1999,R,2606,American Beauty ,Drama,Sam Mendes,1999.0,USA,15000000.0,130058047.0,8.4,R
21,555,American Heist,Movie,"Canada, Luxembourg",Sarik Andreasyan,2014,R,3261,American Heist ,Action|Crime|Drama|Thriller,Sarik Andreasyan,2014.0,Canada,10000000.0,,5.2,R
22,1348,American History X,Movie,United States,Tony Kaye,1998,R,3175,American History X ,Crime|Drama,Tony Kaye,1998.0,USA,7500000.0,6712241.0,8.6,R
23,300,American Psycho,Movie,"United States, Canada",Mary Harron,2000,R,3383,American Psycho ,Crime|Drama,Mary Harron,2000.0,USA,7000000.0,15047419.0,7.6,R
24,1350,Anger Management,Movie,United States,Peter Segal,2003,PG-13,833,Anger Management             ,Comedy|Romance,,,USA,,,6.7,
25,1924,Apollo 18,Movie,"United States, Canada",Gonzalo López-Gallego,2011,PG-13,3748,Apollo 18 ,Horror|Mystery|Sci-Fi|Thriller,Gonzalo López-Gallego,2011.0,USA,5000000.0,17683670.0,5.2,PG-13
26,3484,Arthur Christmas,Movie,"United Kingdom, United States",Sarah Smith,2011,PG,419,Arthur Christmas ,Adventure|Animation|Comedy|Family|Fantasy,Sarah Smith,2011.0,UK,100000000.0,46440491.0,7.1,PG
27,5472,Arthur,Movie,United States,Jason Winer,2011,PG-13,1265,Arthur             ,Animation|Comedy|Family,,,Canada,,,7.4,TV-Y
28,207,"As Above, So Below",Movie,United States,John Erick Dowdle,2014,R,3730,"As Above, So Below ",Horror|Mystery|Thriller,John Erick Dowdle,2014.0,USA,5000000.0,21197315.0,6.1,R
29,3486,As Good as It Gets,Movie,United States,James L. Brooks,1997,PG-13,932,As Good as It Gets ,Comedy|Drama|Romance,James L. Brooks,1997.0,USA,50000000.0,147637474.0,7.7,PG-13
30,4617,Austin Powers in Goldmember,Movie,United States,Jay Roach,2002,PG-13,695,Austin Powers in Goldmember ,Action|Comedy|Crime,Jay Roach,2002.0,USA,63000000.0,213079163.0,6.2,PG-13
31,4618,Austin Powers: International Man of Mystery,Movie,United States,Jay Roach,1997,PG-13,2403,Austin Powers: International Man of Mystery ,Comedy|Crime,Jay Roach,1997.0,USA,17000000.0,53868030.0,7.0,PG-13
32,4619,Austin Powers: The Spy Who Shagged Me,Movie,United States,Jay Roach,1999,PG-13,1399,Austin Powers: The Spy Who Shagged Me ,Action|Adventure|Comedy|Crime,Jay Roach,1999.0,USA,33000000.0,205399422.0,6.6,PG-13
33,6,Automata,Movie,"Bulgaria, United States, Spain, Canada",Gabe Ibáñez,2014,R,2750,Automata ,Action|Sci-Fi|Thriller,Gabe Ibáñez,2014.0,Bulgaria,7000000.0,,6.1,R
34,1118,Awake,Movie,United States,"Aleksandr Chernyaev, Fedor Lyass",2019,TV-MA,3328,Awake ,Crime|Mystery|Thriller,Joby Harold,2007.0,USA,8600000.0,14373825.0,6.5,R
35,3604,Babel,Movie,"France, United States, Mexico",Alejandro G. Iñárritu,2006,R,2204,Babel ,Drama,Alejandro G. Iñárritu,2006.0,France,25000000.0,34300771.0,7.5,R
36,782,Bad Boys II,Movie,United States,Michael Bay,2003,R,190,Bad Boys II ,Action|Comedy|Crime|Thriller,Michael Bay,2003.0,USA,130000000.0,138396624.0,6.6,R
37,781,Bad Boys,Movie,United States,Michael Bay,1995,R,2052,Bad Boys ,Action|Comedy|Crime|Drama|Thriller,Michael Bay,1995.0,USA,19000000.0,65807024.0,6.8,R
38,5005,Barbecue,Movie,"Australia, Armenia, Japan, Jordan, Mexico, Mongolia, New Zealand, Philippines, South Africa, Sweden, United States, Uruguay",Matthew Salleh,2017,TV-MA,3313,Barbecue ,Comedy,Eric Lavaine,2014.0,France,,,6.1,
39,1443,Barfi!,Movie,India,Anurag Basu,2012,TV-PG,3834,Barfi ,Comedy|Romance,Shekar,2013.0,India,,,7.1,
40,3447,Becoming Jane,Movie,"United Kingdom, Ireland",Julian Jarrold,2007,PG-13,2536,Becoming Jane ,Biography|Drama|Romance,Julian Jarrold,2007.0,UK,16500000.0,18663911.0,7.1,PG
41,1978,Bedtime Stories,Movie,United States,Adam Shankman,2008,PG,456,Bedtime Stories ,Comedy|Family|Fantasy|Romance,Adam Shankman,2008.0,USA,80000000.0,109993847.0,6.1,PG
42,3698,Bee Movie,Movie,"United States, Australia","Steve Hickner, Simon J. Smith",2007,PG,138,Bee Movie ,Adventure|Animation|Comedy|Family,Steve Hickner,2007.0,USA,150000000.0,126597121.0,6.2,PG
43,1969,Benji,Movie,United States,Joe Camp,1974,G,4725,Benji ,Adventure|Family|Romance,Joe Camp,1974.0,USA,500000.0,39552600.0,6.1,G
44,2159,Benji,Movie,"United Arab Emirates, United States",Brandon Camp,2018,TV-PG,4725,Benji ,Adventure|Family|Romance,Joe Camp,1974.0,USA,500000.0,39552600.0,6.1,G
45,3376,Big Fat Liar,Movie,"United States, Germany",Shawn Levy,2002,PG,2798,Big Fat Liar ,Adventure|Comedy|Family,Shawn Levy,2002.0,USA,15000000.0,47811275.0,5.4,PG
46,3376,Big Fat Liar,Movie,"United States, Germany",Shawn Levy,2002,PG,2628,Big Fat Liar ,Adventure|Comedy|Family,Shawn Levy,2002.0,USA,15000000.0,47811275.0,5.4,PG
47,65,Big Miracle,Movie,"United States, United Kingdom",Ken Kwapis,2012,PG,1301,Big Miracle ,Biography|Drama|Romance,Ken Kwapis,2012.0,USA,40000000.0,20113965.0,6.5,PG
48,4009,Billy Elliot,Movie,"United Kingdom, France",Stephen Daldry,2000,R,3719,Billy Elliot ,Drama|Music,Stephen Daldry,2000.0,UK,5000000.0,21994911.0,7.7,R
49,3606,Black Hawk Down,Movie,"United States, United Kingdom",Ridley Scott,2001,R,330,Black Hawk Down ,Drama|History|War,Ridley Scott,2001.0,USA,92000000.0,108638745.0,7.7,R
50,1168,Black Snake Moan,Movie,United States,Craig Brewer,2007,R,2704,Black Snake Moan ,Drama|Music,Craig Brewer,2006.0,USA,15000000.0,9396487.0,7.0,R
51,783,Blow,Movie,United States,Ted Demme,2001,R,1629,Blow ,Biography|Crime|Drama,Ted Demme,2001.0,USA,30000000.0,52937130.0,7.6,R
52,1937,Blue Jasmine,Movie,United States,Woody Allen,2013,PG-13,2415,Blue Jasmine ,Drama,Woody Allen,2013.0,USA,18000000.0,33404871.0,7.3,PG-13
53,3833,Blue Ruin,Movie,"United States, France",Jeremy Saulnier,2013,R,4792,Blue Ruin ,Crime|Drama|Thriller,Jeremy Saulnier,2013.0,USA,1066167.0,258113.0,7.1,R
54,2793,Blue Valentine,Movie,United States,Derek Cianfrance,2010,R,4543,Blue Valentine ,Drama|Romance,Derek Cianfrance,2010.0,USA,3500000.0,9701559.0,7.4,R
55,4184,Bobby,Movie,India,Raj Kapoor,1973,TV-14,2799,Bobby ,Drama|History,Emilio Estevez,2006.0,USA,14000000.0,11204499.0,7.0,R
56,2888,Bolt,Movie,United States,"Byron Howard, Chris Williams",2008,PG,131,Bolt ,Adventure|Animation|Comedy|Drama|Family,Byron Howard,2008.0,USA,150000000.0,114053579.0,6.9,PG
57,853,Brooklyn's Finest,Movie,United States,Antoine Fuqua,2009,R,2513,Brooklyn's Finest ,Crime|Drama|Thriller,Antoine Fuqua,2009.0,USA,17000000.0,27154426.0,6.7,R
58,1135,Brother,Movie,France,Julien Abraham,2019,TV-MA,2999,Brother ,Crime|Drama|Thriller,Takeshi Kitano,2000.0,USA,10000000.0,447750.0,7.2,R
59,4463,Burlesque,Movie,United States,Steve Antin,2010,PG-13,888,Burlesque ,Drama|Music|Musical|Romance,Steve Antin,2010.0,USA,55000000.0,39440655.0,6.4,PG-13
60,2455,Cabin Fever,Movie,United States,Travis Zariwny,2016,R,4400,Cabin Fever ,Horror,Travis Zariwny,2016.0,USA,,,3.7,Not Rated
61,1708,Cargo,Movie,"Australia, United Arab Emirates","Yolanda Ramke, Ben Howling",2018,TV-MA,3878,Cargo ,Mystery|Sci-Fi|Thriller,Ivan Engler,2009.0,Switzerland,4500000.0,,6.2,
62,1169,Carriers,Movie,United States,"Àlex Pastor, David Pastor",2009,PG-13,559,Carriers ,Drama|Horror|Sci-Fi|Thriller,David Pastor,2009.0,USA,,90820.0,6.0,PG-13
63,2699,Carrie,Movie,United States,Brian De Palma,1976,R,4350,Carrie ,Drama|Fantasy|Horror,Kimberly Peirce,2013.0,USA,30000000.0,35266619.0,5.9,R
64,4185,Carrie,Movie,"United States, Canada",David Carson,2002,TV-14,1662,Carrie ,Drama|Fantasy|Horror,Kimberly Peirce,2013.0,USA,30000000.0,35266619.0,5.9,R
65,2699,Carrie,Movie,United States,Brian De Palma,1976,R,1662,Carrie ,Drama|Fantasy|Horror,Kimberly Peirce,2013.0,USA,30000000.0,35266619.0,5.9,R
66,4185,Carrie,Movie,"United States, Canada",David Carson,2002,TV-14,4350,Carrie ,Drama|Fantasy|Horror,Kimberly Peirce,2013.0,USA,30000000.0,35266619.0,5.9,R
67,1314,Casa de mi Padre,Movie,"United States, Mexico",Matt Piedmont,2012,R,3614,Casa de mi Padre ,Comedy|Western,Matt Piedmont,2012.0,USA,6000000.0,5895238.0,5.5,R
68,1354,Cat on a Hot Tin Roof,Movie,United States,Richard Brooks,1958,NR,4061,Cat on a Hot Tin Roof ,Drama|Romance,Richard Brooks,1958.0,USA,3000000.0,,8.1,Approved
69,3490,Catch Me If You Can,Movie,"United States, Canada",Steven Spielberg,2002,PG-13,911,Catch Me If You Can ,Biography|Crime|Drama,Steven Spielberg,2002.0,USA,52000000.0,164435221.0,8.0,PG-13
70,4011,Cats & Dogs: The Revenge of Kitty Galore,Movie,"United States, Australia",Brad Peyton,2010,PG,431,Cats & Dogs: The Revenge of Kitty Galore ,Action|Comedy|Family|Fantasy,Brad Peyton,2010.0,USA,85000000.0,43575716.0,4.3,PG
71,3492,Center Stage,Movie,United States,Nicholas Hytner,2000,PG-13,2431,Center Stage ,Drama|Music|Romance,Nicholas Hytner,2000.0,USA,18000000.0,17174870.0,6.7,PG-13
72,3607,Chappie,Movie,"South Africa, United States",Neill Blomkamp,2015,R,1041,Chappie ,Action|Crime|Drama|Sci-Fi|Thriller,Neill Blomkamp,2015.0,USA,49000000.0,31569268.0,6.9,R
73,3493,Charlie and the Chocolate Factory,Movie,"United Kingdom, United States",Tim Burton,2005,PG,118,Charlie and the Chocolate Factory ,Adventure|Comedy|Family|Fantasy,Tim Burton,2005.0,USA,150000000.0,206456431.0,6.7,PG
74,786,Charlie's Angels: Full Throttle,Movie,United States,McG,2003,PG-13,226,Charlie's Angels: Full Throttle ,Action|Adventure|Comedy|Crime,McG,2003.0,USA,120000000.0,100685880.0,4.8,PG-13
75,785,Charlie's Angels,Movie,"United States, Germany",McG,2000,PG-13,360,Charlie's Angels ,Action|Adventure|Comedy|Crime|Thriller,McG,2000.0,USA,92000000.0,125305545.0,5.5,PG-13
76,1127,Charlotte's Web,Movie,United States,"Charles A. Nichols, Iwao Takamoto",1973,G,444,Charlotte's Web ,Comedy|Family|Fantasy,Gary Winick,2006.0,USA,,82506325.0,6.4,G
77,3494,Chasing Amy,Movie,United States,Kevin Smith,1997,R,4852,Chasing Amy ,Comedy|Drama|Romance,Kevin Smith,1997.0,USA,250000.0,12006514.0,7.3,R
78,5089,Chernobyl Diaries,Movie,United States,Bradley Parker,2012,R,4538,Chernobyl Diaries ,Horror|Mystery|Sci-Fi|Thriller,Bradley Parker,2012.0,USA,1000000.0,18112929.0,5.0,R
79,2170,Chicken Little,Movie,United States,Mark Dindal,2005,G,714,Chicken Little ,Adventure|Animation|Comedy|Family|Sci-Fi,Mark Dindal,2005.0,USA,150000000.0,135381507.0,5.8,G
80,4187,Child's Play,Movie,United States,Tom Holland,1988,R,3286,Child's Play ,Fantasy|Horror,Tom Holland,1988.0,USA,9000000.0,33244684.0,6.5,R
81,3497,Chloe,Movie,"United States, Canada, France",Atom Egoyan,2009,R,2880,Chloe ,Drama|Mystery|Romance|Thriller,Atom Egoyan,2009.0,USA,11000000.0,3074838.0,6.3,R
82,3608,Christmas with the Kranks,Movie,United States,Joe Roth,2004,PG,955,Christmas with the Kranks ,Comedy|Family,Joe Roth,2004.0,USA,60000000.0,73701902.0,5.2,PG
83,683,Circle,Movie,United States,"Aaron Hann, Mario Miscione",2015,NR,4314,Circle ,Drama|Horror|Mystery|Sci-Fi|Thriller,Aaron Hann,2015.0,USA,,,6.0,Not Rated
84,5396,Cirque du Freak: The Vampire's Assistant,Movie,United States,Paul Weitz,2009,PG-13,1304,Cirque du Freak: The Vampire's Assistant ,Action|Adventure|Fantasy|Thriller,Paul Weitz,2009.0,USA,40000000.0,13838130.0,5.9,PG-13
85,3498,City of God,Movie,"Brazil, France, Germany","Fernando Meirelles, Katia Lund",2002,R,4029,City of God ,Crime|Drama,Fernando Meirelles,2002.0,Brazil,3300000.0,7563397.0,8.7,R
86,5057,Clash of the Titans,Movie,"United States, United Kingdom, Australia",Louis Leterrier,2010,PG-13,213,Clash of the Titans ,Action|Adventure|Fantasy,Louis Leterrier,2010.0,USA,125000000.0,163192114.0,5.8,PG-13
87,5057,Clash of the Titans,Movie,"United States, United Kingdom, Australia",Louis Leterrier,2010,PG-13,2650,Clash of the Titans ,Action|Adventure|Fantasy,Louis Leterrier,2010.0,USA,125000000.0,163192114.0,5.8,PG-13
88,3499,Click,Movie,United States,Frank Coraci,2006,PG-13,429,Click ,Comedy|Drama|Fantasy|Romance,Frank Coraci,2006.0,USA,70000000.0,137340146.0,6.4,PG-13
89,5131,Cloud Atlas,Movie,"Germany, United States, Hong Kong, Singapore","Lilly Wachowski, Lana Wachowski, Tom Tykwer",2012,R,311,Cloud Atlas ,Drama|Sci-Fi,Tom Tykwer,2012.0,Germany,102000000.0,27098580.0,7.5,R
90,3500,Cloverfield,Movie,United States,Matt Reeves,2008,PG-13,1882,Cloverfield ,Action|Adventure|Horror|Sci-Fi,Matt Reeves,2008.0,USA,25000000.0,80034302.0,7.0,PG-13
91,3501,Coach Carter,Movie,"United States, Germany",Thomas Carter,2005,PG-13,1090,Coach Carter ,Drama|Sport,Thomas Carter,2005.0,USA,30000000.0,67253092.0,7.2,PG-13
92,1359,Code Name: The Cleaner,Movie,United States,Les Mayfield,2007,PG-13,2297,Code Name: The Cleaner ,Action|Comedy|Crime,Les Mayfield,2007.0,USA,20000000.0,8104069.0,4.5,PG-13
93,4909,Concussion,Movie,United States,Stacie Passon,2013,R,1468,Concussion ,Biography|Drama|Sport,Peter Landesman,2015.0,UK,35000000.0,34531832.0,7.1,PG-13
94,2165,Coraline,Movie,United States,Henry Selick,2009,PG,744,Coraline ,Animation|Family|Fantasy,Henry Selick,2009.0,USA,60000000.0,75280058.0,7.7,PG
95,790,Crash,Movie,"United States, Germany",Paul Haggis,2004,R,3193,Crash ,Crime|Drama|Thriller,Paul Haggis,2004.0,Germany,6500000.0,54557348.0,7.9,R
96,790,Crash,Movie,"United States, Germany",Paul Haggis,2004,R,3452,Crash ,Crime|Drama|Thriller,Paul Haggis,2004.0,Germany,6500000.0,54557348.0,7.9,R
97,2298,"Crouching Tiger, Hidden Dragon",Movie,"Taiwan, Hong Kong, United States, China",Ang Lee,2000,PG-13,2605,"Crouching Tiger, Hidden Dragon ",Action|Drama|Romance,Ang Lee,2000.0,Taiwan,15000000.0,128067808.0,7.9,PG-13
98,3609,Daddy Day Care,Movie,United States,Steve Carr,2003,PG,721,Daddy Day Care ,Comedy|Family,Steve Carr,2003.0,USA,60000000.0,104148781.0,5.5,PG
99,3372,Dallas Buyers Club,Movie,United States,Jean-Marc Vallée,2013,R,3714,Dallas Buyers Club ,Biography|Drama,Jean-Marc Vallée,2013.0,USA,5000000.0,27296514.0,8.0,R
100,301,Dante's Peak,Movie,United States,Roger Donaldson,1997,PG-13,247,Dante's Peak ,Action|Adventure|Thriller,Roger Donaldson,1997.0,USA,116000000.0,67155742.0,5.8,PG-13
101,1096,Defiance,Movie,United States,Edward Zwick,2008,R,1023,Defiance             ,Action|Drama|Sci-Fi,,,USA,,,7.0,TV-MA
102,5051,Demonic,Movie,United States,Will Canon,2015,R,4126,Demonic ,Horror|Thriller,Will Canon,2015.0,USA,3000000.0,,5.3,R
103,4191,Die Another Day,Movie,"United Kingdom, United States",Lee Tamahori,2002,PG-13,149,Die Another Day ,Action|Adventure|Thriller,Lee Tamahori,2002.0,UK,142000000.0,160201106.0,6.1,PG-13
104,3502,Dinner for Schmucks,Movie,United States,Jay Roach,2010,PG-13,642,Dinner for Schmucks ,Comedy,Jay Roach,2010.0,USA,,72980108.0,5.9,PG-13
105,1046,District 9,Movie,"South Africa, United States, New Zealand, Canada",Neill Blomkamp,2009,R,1601,District 9 ,Action|Sci-Fi|Thriller,Neill Blomkamp,2009.0,South Africa,30000000.0,115646235.0,8.0,R
106,1360,Doctor Zhivago,Movie,"United States, Italy, United Kingdom, Liechtenstein",David Lean,1965,PG-13,3026,Doctor Zhivago ,Drama|Romance|War,David Lean,1965.0,USA,11000000.0,111722000.0,8.0,PG-13
107,3834,Dolphin Tale 2,Movie,United States,Charles Martin Smith,2014,PG,1386,Dolphin Tale 2 ,Drama|Family,Charles Martin Smith,2014.0,USA,36000000.0,42019483.0,6.4,PG
108,87,Domino,Movie,"Denmark, France, Italy, Belgium, Netherlands",Brian De Palma,2019,R,1024,Domino ,Action|Biography|Crime|Drama|Thriller,Tony Scott,2005.0,France,50000000.0,10137232.0,6.0,R
109,1208,Don't Be Afraid of the Dark,Movie,"United States, Australia, Mexico",Troy Nixey,2010,R,1950,Don't Be Afraid of the Dark ,Fantasy|Horror|Thriller,Troy Nixey,2010.0,USA,25000000.0,24042490.0,5.6,R
110,3503,Donnie Brasco,Movie,United States,Mike Newell,1997,R,1436,Donnie Brasco ,Biography|Crime|Drama,Mike Newell,1997.0,USA,35000000.0,41954997.0,7.8,R
111,1955,Doubt,Movie,United States,John Patrick Shanley,2008,PG-13,2206,Doubt ,Drama|Mystery,John Patrick Shanley,2008.0,USA,20000000.0,33422556.0,7.5,PG-13
112,1249,Drive,Movie,United States,Nicolas Winding Refn,2011,R,2653,Drive ,Crime|Drama,Nicolas Winding Refn,2011.0,USA,15000000.0,35054909.0,7.8,R
113,1361,Drive,Movie,India,Tarun Mansukhani,2019,TV-14,2653,Drive ,Crime|Drama,Nicolas Winding Refn,2011.0,USA,15000000.0,35054909.0,7.8,R
114,791,Dumb and Dumberer: When Harry Met Lloyd,Movie,United States,Troy Miller,2003,PG-13,1671,Dumb and Dumberer: When Harry Met Lloyd ,Comedy,Troy Miller,2003.0,USA,19000000.0,26096584.0,3.4,PG-13
115,792,Earth to Echo,Movie,United States,Dave Green,2014,PG,2861,Earth to Echo ,Adventure|Family|Sci-Fi,Dave Green,2014.0,USA,13000000.0,38916903.0,5.8,PG
116,294,Eat Pray Love,Movie,United States,Ryan Murphy,2010,PG-13,731,Eat Pray Love ,Drama|Romance,Ryan Murphy,2010.0,USA,60000000.0,80574010.0,5.7,PG-13
117,1990,Employee of the Month,Movie,United States,Greg Coolidge,2006,PG-13,3126,Employee of the Month ,Comedy|Romance,Greg Coolidge,2006.0,USA,12000000.0,28435406.0,5.5,PG-13
118,1128,End of Watch,Movie,United States,David Ayer,2012,R,2638,End of Watch ,Crime|Drama|Thriller,David Ayer,2012.0,USA,7000000.0,40983001.0,7.7,R
119,2432,Equilibrium,Movie,United States,Kurt Wimmer,2002,R,2329,Equilibrium ,Action|Drama|Sci-Fi|Thriller,Kurt Wimmer,2002.0,USA,20000000.0,1190018.0,7.5,R
120,5392,Evan Almighty,Movie,United States,Tom Shadyac,2007,PG,74,Evan Almighty ,Comedy|Family|Fantasy,Tom Shadyac,2007.0,USA,175000000.0,100289690.0,5.4,PG
121,3507,Event Horizon,Movie,"United Kingdom, United States",Paul W.S. Anderson,1997,R,793,Event Horizon ,Horror|Sci-Fi|Thriller,Paul W.S. Anderson,1997.0,UK,60000000.0,26616590.0,6.7,R
122,1172,Evolution,Movie,United States,Ivan Reitman,2001,PG-13,489,Evolution ,Drama|Horror|Mystery|Sci-Fi,Lucile Hadzihalilovic,2015.0,France,,,6.4,
123,2854,Ex Machina,Movie,United Kingdom,Alex Garland,2015,R,2858,Ex Machina ,Drama|Mystery|Sci-Fi|Thriller,Alex Garland,2015.0,UK,15000000.0,25440971.0,7.7,R
124,1365,Executive Decision,Movie,United States,Stuart Baird,1996,R,862,Executive Decision ,Action|Adventure|Thriller,Stuart Baird,1996.0,USA,55000000.0,68750000.0,6.4,R
125,795,Exit Wounds,Movie,United States,Andrzej Bartkowiak,2001,R,1525,Exit Wounds ,Action|Comedy|Crime|Drama|Thriller,Andrzej Bartkowiak,2001.0,USA,33000000.0,51758599.0,5.5,R
126,1173,Eye for an Eye,Movie,United States,John Schlesinger,1996,R,2221,Eye for an Eye ,Crime|Drama|Thriller,John Schlesinger,1996.0,USA,20000000.0,53146000.0,6.1,R
127,1367,Fear and Loathing in Las Vegas,Movie,United States,Terry Gilliam,1998,R,2389,Fear and Loathing in Las Vegas ,Adventure|Comedy|Drama,Terry Gilliam,1998.0,USA,18500000.0,10562387.0,7.7,R
128,3510,Final Destination 2,Movie,"United States, Canada",David R. Ellis,2003,R,1845,Final Destination 2 ,Horror|Thriller,David R. Ellis,2003.0,USA,26000000.0,46455802.0,6.2,R
129,3511,Final Destination 3,Movie,"United States, Germany",James Wong,2006,R,1895,Final Destination 3 ,Horror,James Wong,2006.0,Germany,25000000.0,54098051.0,5.8,R
130,3509,Final Destination,Movie,United States,James Wong,2000,R,2054,Final Destination ,Horror|Thriller,James Wong,2000.0,USA,23000000.0,53302314.0,6.7,R
131,4913,Fiza,Movie,India,Khalid Mohamed,2000,TV-14,4572,Fiza ,Drama|Romance,Khalid Mohamed,2000.0,India,1000000.0,610991.0,6.2,
132,3374,Flash of Genius,Movie,"Canada, United States",Marc Abraham,2008,PG-13,2318,Flash of Genius ,Biography|Drama,Marc Abraham,2008.0,USA,20000000.0,4234040.0,7.0,PG-13
133,5061,Four Weddings and a Funeral,Movie,United Kingdom,Mike Newell,1994,R,3843,Four Weddings and a Funeral ,Comedy|Drama|Romance,Mike Newell,1994.0,UK,4500000.0,52700832.0,7.1,R
134,939,Frances Ha,Movie,"United States, Brazil",Noah Baumbach,2012,R,4100,Frances Ha ,Comedy|Drama|Romance,Noah Baumbach,2012.0,USA,,4063238.0,7.4,R
135,4094,From Paris with Love,Movie,France,Pierre Morel,2010,R,921,From Paris with Love ,Action|Thriller,Pierre Morel,2010.0,France,52000000.0,23324666.0,6.5,R
136,3035,Frozen River,Movie,United States,Courtney Hunt,2008,R,4561,Frozen River ,Crime|Drama,Courtney Hunt,2008.0,USA,1000000.0,2508841.0,7.2,R
137,2175,G-Force,Movie,United States,Hoyt Yeatman,2009,PG,132,G-Force ,Action|Adventure|Animation|Comedy|Family|Fantasy|Sci-Fi,Hoyt Yeatman,2009.0,USA,150000000.0,119420252.0,5.1,PG
138,4894,Gangs of New York,Movie,"United States, Italy",Martin Scorsese,2002,R,326,Gangs of New York ,Crime|Drama,Martin Scorsese,2002.0,USA,100000000.0,77679638.0,7.5,R
139,3362,Get Him to the Greek,Movie,United States,Nicholas Stoller,2010,R,1226,Get Him to the Greek ,Comedy|Music,Nicholas Stoller,2010.0,USA,,60923325.0,6.4,R
140,5474,Get Smart,Movie,United States,Peter Segal,2008,PG-13,450,Get Smart ,Action|Adventure|Comedy,Peter Segal,2008.0,USA,80000000.0,130313314.0,6.5,PG-13
141,3517,Ghost Rider,Movie,"United States, Australia",Mark Steven Johnson,2007,PG-13,224,Ghost Rider ,Action|Fantasy|Thriller,Mark Steven Johnson,2007.0,USA,110000000.0,115802596.0,5.2,PG-13
142,4197,GoldenEye,Movie,"United Kingdom, United States",Martin Campbell,1995,PG-13,717,GoldenEye ,Action|Adventure|Thriller,Martin Campbell,1995.0,UK,58000000.0,106635996.0,7.2,PG-13
143,5351,Good Kill,Movie,United States,Andrew Niccol,2014,R,4762,Good Kill ,Drama|Thriller,Andrew Niccol,2014.0,USA,,316842.0,6.4,R
144,799,Good Luck Chuck,Movie,"United States, Canada",Mark Helfrich,2007,UR,1923,Good Luck Chuck ,Comedy|Romance,Mark Helfrich,2007.0,USA,25000000.0,35000629.0,5.6,R
145,1372,Gosford Park,Movie,"United States, United Kingdom, Italy",Robert Altman,2001,R,2411,Gosford Park ,Drama|Mystery,Robert Altman,2001.0,UK,19800000.0,41300105.0,7.3,R
146,1373,Gothika,Movie,"United States, France, Canada, Spain",Mathieu Kassovitz,2003,R,1247,Gothika ,Horror|Mystery|Thriller,Mathieu Kassovitz,2003.0,USA,40000000.0,59588068.0,5.8,R
147,1374,Grease,Movie,United States,Randal Kleiser,1978,PG,3581,Grease ,Musical|Romance,Randal Kleiser,1978.0,USA,6000000.0,181360000.0,7.2,PG-13
148,1323,Green Room,Movie,United States,Jeremy Saulnier,2015,R,3784,Green Room ,Crime|Horror|Music|Thriller,Jeremy Saulnier,2015.0,USA,5000000.0,3219029.0,7.1,R
149,3520,Hairspray,Movie,"United States, United Kingdom, Canada",Adam Shankman,2007,PG,531,Hairspray ,Comedy|Drama|Family|Music|Musical|Romance,Adam Shankman,2007.0,USA,75000000.0,118823091.0,6.7,PG
150,800,Harold & Kumar Escape from Guantanamo Bay,Movie,United States,"Jon Hurwitz, Hayden Schlossberg",2008,R,2931,Harold & Kumar Escape from Guantanamo Bay ,Adventure|Comedy,Jon Hurwitz,2008.0,USA,12000000.0,38087366.0,6.6,R
151,3521,Harold & Kumar Go to White Castle,Movie,"United States, Canada, Germany",Danny Leiner,2004,R,3290,Harold & Kumar Go to White Castle ,Adventure|Comedy,Danny Leiner,2004.0,USA,9000000.0,18225165.0,7.1,R
152,4199,Heartbreakers,Movie,United States,David Mirkin,2001,PG-13,1350,Heartbreakers ,Comedy|Crime|Romance,David Mirkin,2001.0,USA,35000000.0,40334024.0,6.2,PG-13
153,4660,Hellboy,Movie,United States,Guillermo del Toro,2004,PG-13,750,Hellboy ,Action|Fantasy|Horror|Sci-Fi,Guillermo del Toro,2004.0,USA,66000000.0,59035104.0,6.8,PG-13
154,5092,Hero,Movie,"Hong Kong, China",Corey Yuen,1997,TV-MA,1171,Hero ,Action|Adventure|History,Yimou Zhang,2002.0,China,31000000.0,84961.0,7.9,PG-13
155,5092,Hero,Movie,"Hong Kong, China",Corey Yuen,1997,TV-MA,2493,Hero ,Action|Adventure|History,Yimou Zhang,2002.0,China,31000000.0,84961.0,7.9,PG-13
156,2824,Her,Movie,United States,Spike Jonze,2013,R,2058,Her ,Drama|Romance|Sci-Fi,Spike Jonze,2013.0,USA,23000000.0,25556065.0,8.0,R
157,4936,Hide and Seek,Movie,China,Liu Jie,2016,TV-14,1901,Hide and Seek ,Drama|Horror|Mystery|Thriller,John Polson,2005.0,USA,30000000.0,51097664.0,5.9,R
158,4917,Highway,Movie,India,Imtiaz Ali,2014,TV-14,4330,Highway ,Crime|Drama,James Cox,2002.0,USA,14000000.0,,6.3,R
159,3522,Hitch,Movie,United States,Andy Tennant,2005,PG-13,842,Hitch ,Comedy|Romance,Andy Tennant,2005.0,USA,70000000.0,177575142.0,6.6,PG-13
160,1074,Hoodwinked Too! Hood vs. Evil,Movie,United States,Mike Disa,2011,PG,1706,Hoodwinked Too! Hood vs. Evil ,Animation|Comedy|Family,Mike Disa,2011.0,USA,30000000.0,10134754.0,4.8,PG
161,3364,Hop,Movie,"United States, India, Malaysia, Taiwan, Canada, United Kingdom",Tim Hill,2011,PG,708,Hop ,Adventure|Animation|Comedy|Family|Fantasy,Tim Hill,2011.0,USA,63000000.0,108012170.0,5.5,PG
162,1175,Hot Rod,Movie,United States,Akiva Schaffer,2007,PG-13,1967,Hot Rod ,Comedy,Akiva Schaffer,2007.0,USA,,13920741.0,6.7,PG-13
163,2735,How the Grinch Stole Christmas,Movie,United States,Ron Howard,2000,PG,218,How the Grinch Stole Christmas ,Comedy|Family|Fantasy,Ron Howard,2000.0,USA,123000000.0,260031035.0,6.0,PG
164,1381,How to Be a Player,Movie,United States,Lionel C. Martin,1997,R,2964,How to Be a Player ,Comedy,Lionel C. Martin,1997.0,USA,,13960203.0,5.3,R
165,2167,Howards End,Movie,"United Kingdom, Japan, United States",James Ivory,1992,PG,3396,Howards End ,Drama|Romance,James Ivory,1992.0,UK,,25967000.0,7.5,PG
166,4624,Hustle & Flow,Movie,United States,Craig Brewer,2005,R,4154,Hustle & Flow ,Crime|Drama|Music,Craig Brewer,2005.0,USA,8000000.0,22201636.0,7.4,R
167,206,I Am Wrath,Movie,United States,Chuck Russell,2016,R,2470,I Am Wrath ,Action|Crime|Drama|Thriller,Chuck Russell,2016.0,USA,18000000.0,,5.2,R
168,2077,I Don't Know How She Does It,Movie,United States,Douglas McGrath,2011,PG-13,2040,I Don't Know How She Does It ,Comedy|Romance,Douglas McGrath,2011.0,USA,24000000.0,9639242.0,4.9,PG-13
169,4116,Imagine That,Movie,"United States, Germany",Karey Kirkpatrick,2009,PG,885,Imagine That ,Comedy|Drama|Family|Fantasy,Karey Kirkpatrick,2009.0,USA,55000000.0,16088610.0,5.6,PG
170,102,In the Shadow of the Moon,Movie,United States,Jim Mickle,2019,TV-MA,4289,In the Shadow of the Moon ,Documentary|History,David Sington,2007.0,UK,2000000.0,1134049.0,8.1,PG
171,3524,Inception,Movie,"United States, United Kingdom",Christopher Nolan,2010,PG-13,97,Inception ,Action|Adventure|Sci-Fi|Thriller,Christopher Nolan,2010.0,USA,160000000.0,292568851.0,8.8,PG-13
172,3613,Indiana Jones and the Kingdom of the Crystal Skull,Movie,United States,Steven Spielberg,2008,PG-13,54,Indiana Jones and the Kingdom of the Crystal Skull ,Action|Adventure|Fantasy,Steven Spielberg,2008.0,USA,185000000.0,317011114.0,6.2,PG-13
173,3614,Indiana Jones and the Last Crusade,Movie,United States,Steven Spielberg,1989,PG-13,1039,Indiana Jones and the Last Crusade ,Action|Adventure|Fantasy,Steven Spielberg,1989.0,USA,48000000.0,197171806.0,8.3,PG-13
174,3616,Indiana Jones and the Temple of Doom,Movie,United States,Steven Spielberg,1984,PG,1749,Indiana Jones and the Temple of Doom ,Action|Adventure,Steven Spielberg,1984.0,USA,28000000.0,179870271.0,7.6,PG
175,2883,Inglourious Basterds,Movie,"Germany, United States",Quentin Tarantino,2009,R,588,Inglourious Basterds ,Adventure|Drama|War,Quentin Tarantino,2009.0,USA,75000000.0,120523073.0,8.3,R
176,3036,Inkheart,Movie,"Germany, United Kingdom, United States",Iain Softley,2008,PG,805,Inkheart ,Adventure|Family|Fantasy,Iain Softley,2008.0,Germany,60000000.0,17281832.0,6.1,PG
177,1547,Insidious,Movie,"United States, Canada, United Kingdom",James Wan,2010,PG-13,4413,Insidious ,Fantasy|Horror|Mystery|Thriller,James Wan,2010.0,USA,1500000.0,53991137.0,6.8,PG-13
178,3525,Instructions Not Included,Movie,Mexico,Eugenio Derbez,2013,PG-13,3705,Instructions Not Included ,Comedy|Drama,Eugenio Derbez,2013.0,Mexico,5000000.0,44456509.0,7.6,PG-13
179,1382,Invictus,Movie,United States,Clint Eastwood,2009,PG-13,772,Invictus ,Biography|Drama|History|Sport,Clint Eastwood,2009.0,USA,60000000.0,37479778.0,7.4,PG-13
180,2624,Ip Man 3,Movie,"China, Hong Kong",Wilson Yip,2015,PG-13,1398,Ip Man 3 ,Action|Biography|Drama|History,Wilson Yip,2015.0,Hong Kong,36000000.0,2126511.0,7.2,PG-13
181,5063,Jackie Brown,Movie,United States,Quentin Tarantino,1997,R,2930,Jackie Brown ,Crime|Thriller,Quentin Tarantino,1997.0,USA,12000000.0,39647595.0,7.5,R
182,3617,Jay and Silent Bob Strike Back,Movie,United States,Kevin Smith,2001,R,2104,Jay and Silent Bob Strike Back ,Comedy,Kevin Smith,2001.0,USA,22000000.0,30059386.0,6.9,R
183,3618,Jersey Boys,Movie,United States,Clint Eastwood,2014,R,1245,Jersey Boys ,Biography|Drama|Music|Musical,Clint Eastwood,2014.0,USA,40000000.0,47034272.0,6.9,R
184,3527,Jimmy Neutron: Boy Genius,Movie,United States,John A. Davis,2001,G,1881,Jimmy Neutron: Boy Genius ,Action|Adventure|Animation|Comedy|Family|Sci-Fi,John A. Davis,2001.0,USA,30000000.0,80920948.0,6.0,G
185,1690,John Carter,Movie,United States,Andrew Stanton,2012,PG-13,5,John Carter ,Action|Adventure|Sci-Fi,Andrew Stanton,2012.0,USA,263700000.0,73058679.0,6.6,PG-13
186,1661,Joy,Movie,Austria,Sudabeh Mortezai,2019,TV-MA,761,Joy ,Biography|Comedy|Drama,David O. Russell,2015.0,USA,60000000.0,56443482.0,6.6,PG-13
187,3528,Julie & Julia,Movie,United States,Nora Ephron,2009,PG-13,1204,Julie & Julia ,Biography|Drama|Romance,Nora Ephron,2009.0,USA,40000000.0,94125426.0,7.0,PG-13
188,5064,Jupiter Ascending,Movie,"United States, Australia","Lana Wachowski, Lilly Wachowski",2015,PG-13,62,Jupiter Ascending ,Action|Adventure|Sci-Fi,Lana Wachowski,2015.0,USA,176000000.0,47375327.0,5.4,PG-13
189,3661,Justin Bieber: Never Say Never,Movie,United States,Jon M. Chu,2011,G,2834,Justin Bieber: Never Say Never ,Documentary|Music,Jon M. Chu,2011.0,USA,13000000.0,73000942.0,1.6,G
190,1151,K-19: The Widowmaker,Movie,"United Kingdom, Germany, Canada, United States",Kathryn Bigelow,2002,PG-13,388,K-19: The Widowmaker ,Drama|History|Thriller|War,Kathryn Bigelow,2002.0,UK,100000000.0,35168677.0,6.7,PG-13
191,3529,Kate & Leopold,Movie,United States,James Mangold,2001,PG-13,1049,Kate & Leopold ,Comedy|Fantasy|Romance,James Mangold,2001.0,USA,48000000.0,47095453.0,6.4,PG-13
192,873,Kevin Hart: Laugh at My Pain,Movie,United States,"Leslie Small, Tim Story",2011,R,4678,Kevin Hart: Laugh at My Pain ,Comedy|Documentary,Leslie Small,2011.0,USA,,7705974.0,7.5,R
193,2995,Kevin Hart: Let Me Explain,Movie,United States,"Leslie Small, Tim Story",2013,R,4187,Kevin Hart: Let Me Explain ,Comedy|Documentary,Leslie Small,2013.0,USA,2500000.0,32230907.0,6.7,R
194,4112,Kickboxer: Vengeance,Movie,United States,John Stockwell,2016,TV-MA,4409,Kickboxer: Vengeance ,Action,John Stockwell,2016.0,USA,17000000.0,,9.1,
195,3530,Kill Bill: Vol. 1,Movie,"United States, Japan",Quentin Tarantino,2003,R,855,Kill Bill: Vol. 1 ,Action,Quentin Tarantino,2003.0,USA,30000000.0,70098138.0,8.1,R
196,3531,Kill Bill: Vol. 2,Movie,United States,Quentin Tarantino,2004,R,858,Kill Bill: Vol. 2 ,Action|Crime|Drama|Thriller,Quentin Tarantino,2004.0,USA,30000000.0,66207920.0,8.0,R
197,4471,Kill the Messenger,Movie,United States,Michael Cuesta,2014,R,3781,Kill the Messenger ,Biography|Crime|Drama|Mystery|Thriller,Michael Cuesta,2014.0,USA,5000000.0,2445646.0,7.0,R
198,1384,King's Ransom,Movie,"United States, Canada",Jeffrey W. Byrd,2005,PG-13,1996,King's Ransom ,Comedy|Crime,Jeffrey W. Byrd,2005.0,USA,15000000.0,4006906.0,4.1,PG-13
199,3532,Kingpin,Movie,United States,"Peter Farrelly, Bobby Farrelly",1996,PG-13,1939,Kingpin ,Comedy|Sport,Bobby Farrelly,1996.0,USA,27000000.0,24944213.0,6.9,PG-13
200,3533,Kiss the Girls,Movie,United States,Gary Fleder,1997,R,1806,Kiss the Girls ,Crime|Drama|Mystery|Thriller,Gary Fleder,1997.0,USA,27000000.0,60491560.0,6.6,R
201,806,Knowing,Movie,"United States, United Kingdom, Australia",Alex Proyas,2009,PG-13,950,Knowing ,Drama|Mystery|Sci-Fi|Thriller,Alex Proyas,2009.0,USA,50000000.0,79948113.0,6.2,PG-13
202,2182,Kung Fu Hustle,Movie,"Hong Kong, China",Stephen Chow,2004,R,2256,Kung Fu Hustle ,Action|Comedy|Crime|Fantasy,Stephen Chow,2004.0,Hong Kong,20000000.0,17104669.0,7.8,R
203,3534,La Bamba,Movie,United States,Luis Valdez,1987,PG-13,3557,La Bamba ,Biography|Drama|Music,Luis Valdez,1987.0,USA,6500000.0,54215416.0,6.8,PG-13
204,3040,Lady in the Water,Movie,United States,M. Night Shyamalan,2006,PG-13,595,Lady in the Water ,Drama|Fantasy|Mystery|Thriller,M. Night Shyamalan,2006.0,USA,70000000.0,42272747.0,5.6,PG-13
205,2305,Layer Cake,Movie,United Kingdom,Matthew Vaughn,2004,R,3567,Layer Cake ,Crime|Drama|Thriller,Matthew Vaughn,2004.0,UK,4000000.0,2338695.0,7.4,R
206,1274,Leap Year,Movie,"United States, Ireland",Anand Tucker,2010,PG,2378,Leap Year ,Comedy|Romance,Anand Tucker,2010.0,USA,19000000.0,12561.0,6.4,PG
207,4340,Left Behind,Movie,"United States, Canada",Vic Armstrong,2014,PG-13,2399,Left Behind ,Action|Drama|Fantasy|Mystery|Thriller,Vic Armstrong,2014.0,USA,16000000.0,13998282.0,3.1,PG-13
208,4340,Left Behind,Movie,"United States, Canada",Vic Armstrong,2014,PG-13,2568,Left Behind ,Action|Drama|Fantasy|Mystery|Thriller,Vic Armstrong,2014.0,USA,16000000.0,13998282.0,3.1,PG-13
209,3535,Legend of the Guardians: The Owls of Ga'Hoole,Movie,"United States, Australia",Zack Snyder,2010,PG,312,Legend of the Guardians: The Owls of Ga'Hoole ,Action|Adventure|Animation|Family|Fantasy,Zack Snyder,2010.0,USA,80000000.0,55673333.0,7.0,PG
210,3366,Legend,Movie,"United Kingdom, France, United States",Brian Helgeland,2015,R,1966,Legend ,Biography|Crime|Drama|History|Thriller,Brian Helgeland,2015.0,UK,30000000.0,1865774.0,7.0,R
211,1385,Legion,Movie,United States,Scott Stewart,2010,R,1847,Legion ,Action|Fantasy|Horror,Scott Stewart,2010.0,USA,26000000.0,40168080.0,5.2,R
212,1729,Limitless,Movie,United States,Neil Burger,2011,PG-13,1802,Limitless             ,Crime|Drama|Sci-Fi|Thriller,,,USA,,,7.9,TV-14
213,807,Limitless,Movie,India,Vrinda Samartha,2017,TV-PG,1802,Limitless             ,Crime|Drama|Sci-Fi|Thriller,,,USA,,,7.9,TV-14
214,3877,Lincoln,Movie,"United States, India",Steven Spielberg,2012,PG-13,653,Lincoln ,Biography|Drama|History|War,Steven Spielberg,2012.0,USA,65000000.0,182204440.0,7.4,PG-13
215,3622,"Lock, Stock and Two Smoking Barrels",Movie,United Kingdom,Guy Ritchie,1998,R,4458,"Lock, Stock and Two Smoking Barrels ",Comedy|Crime,Guy Ritchie,1998.0,UK,960000.0,3650677.0,8.2,R
216,1388,Logan's Run,Movie,United States,Michael Anderson,1976,PG,3482,Logan's Run ,Action|Adventure|Sci-Fi,Michael Anderson,1976.0,USA,9000000.0,25000000.0,6.8,PG
217,1389,Lolita,Movie,"United Kingdom, United States",Stanley Kubrick,1962,R,890,Lolita ,Crime|Drama|Romance,Stanley Kubrick,1962.0,UK,2000000.0,,7.7,Not Rated
218,1389,Lolita,Movie,"United Kingdom, United States",Stanley Kubrick,1962,R,4256,Lolita ,Crime|Drama|Romance,Stanley Kubrick,1962.0,UK,2000000.0,,7.7,Not Rated
219,1390,Love Jones,Movie,United States,Theodore Witcher,1997,R,3157,Love Jones ,Drama|Romance,Theodore Witcher,1997.0,USA,10000000.0,12514138.0,7.4,R
220,3107,Loving Annabelle,Movie,United States,Katherine Brooks,2006,TV-MA,4610,Loving Annabelle ,Drama|Romance,Katherine Brooks,2006.0,USA,1000000.0,,6.7,Not Rated
221,1391,Mad Money,Movie,United States,"Callie Khouri, Jesse V. Johnson",2008,PG-13,2121,Mad Money ,Comedy|Crime|Thriller,Callie Khouri,2008.0,USA,22000000.0,20668843.0,5.8,PG-13
222,3538,Magnolia,Movie,United States,Paul Thomas Anderson,1999,R,1374,Magnolia ,Drama,Paul Thomas Anderson,1999.0,USA,37000000.0,22450975.0,8.0,R
223,4629,Martin Lawrence Live: Runteldat,Movie,United States,David Raynr,2002,R,4060,Martin Lawrence Live: Runteldat ,Biography|Comedy|Documentary,David Raynr,2002.0,USA,3000000.0,19184015.0,5.4,R
224,3043,Mean Streets,Movie,United States,Martin Scorsese,1973,R,1281,Mean Streets ,Crime|Drama|Romance|Thriller,Martin Scorsese,1973.0,USA,500000.0,32645.0,7.4,R
225,810,Men in Black II,Movie,United States,Barry Sonnenfeld,2002,PG-13,152,Men in Black II ,Action|Adventure|Comedy|Family|Fantasy|Mystery|Sci-Fi,Barry Sonnenfeld,2002.0,USA,140000000.0,190418803.0,6.1,PG-13
226,622,Men in Black,Movie,United States,Barry Sonnenfeld,1997,PG-13,352,Men in Black ,Adventure|Comedy|Family|Mystery|Sci-Fi,Barry Sonnenfeld,1997.0,USA,90000000.0,250147615.0,7.3,PG-13
227,3929,Milk,Movie,United States,Gus Van Sant,2008,R,2212,Milk ,Biography|Drama|History,Gus Van Sant,2008.0,USA,20000000.0,31838002.0,7.6,R
228,2720,Miracle,Movie,"Canada, United States",Gavin O'Connor,2004,PG,1758,Miracle ,Biography|Drama|History|Sport,Gavin O'Connor,2004.0,USA,28000000.0,64371181.0,7.5,PG
229,176,Miss Julie,Movie,"Norway, United Kingdom, France, Ireland",Liv Ullmann,2014,PG-13,3693,Miss Julie ,Drama|Romance,Liv Ullmann,2014.0,Norway,5500000.0,,5.6,PG-13
230,3624,Mona Lisa Smile,Movie,United States,Mike Newell,2003,PG-13,669,Mona Lisa Smile ,Drama,Mike Newell,2003.0,USA,65000000.0,63695760.0,6.4,PG-13
231,1393,Money Talks,Movie,United States,Brett Ratner,1997,R,1910,Money Talks ,Action|Comedy|Crime|Thriller,Brett Ratner,1997.0,USA,25000000.0,41067398.0,6.1,R
232,1394,Monster House,Movie,United States,Gil Kenan,2006,PG,550,Monster House ,Animation|Comedy|Family|Fantasy|Mystery,Gil Kenan,2006.0,USA,75000000.0,73661010.0,6.6,PG
233,3542,Monster-in-Law,Movie,"United States, Germany",Robert Luketic,2005,PG-13,1083,Monster-in-Law ,Comedy|Romance,Robert Luketic,2005.0,Germany,60000000.0,82931301.0,5.5,PG-13
234,3328,Monty Python and the Holy Grail,Movie,United Kingdom,"Terry Gilliam, Terry Jones",1975,PG,4795,Monty Python and the Holy Grail ,Adventure|Comedy|Fantasy,Terry Gilliam,1975.0,UK,229575.0,1229197.0,8.3,PG
235,3543,Moon,Movie,"United Kingdom, United States",Duncan Jones,2009,R,3768,Moon ,Drama|Mystery|Sci-Fi,Duncan Jones,2009.0,UK,5000000.0,5009677.0,7.9,R
236,5177,Movie 43,Movie,United States,"Peter Farrelly, Will Graham, Steve Carr, Griffin Dunne, Steve Brill, James Duffy, Jonathan van Tulleken, Elizabeth Banks, Patrik Forsberg, Brett Ratner, Rusty Cundieff, James Gunn",2013,R,3169,Movie 43 ,Comedy,Elizabeth Banks,2013.0,USA,6000000.0,8828771.0,4.3,R
237,4380,Mr. Church,Movie,United States,Bruce Beresford,2016,PG-13,3429,Mr. Church ,Drama,Bruce Beresford,2016.0,USA,8000000.0,,8.0,PG-13
238,975,Much Ado About Nothing,Movie,"Chile, United States, France",Alejandro Fernández Almendras,2016,NR,3374,Much Ado About Nothing ,Comedy|Drama|Romance,Kenneth Branagh,1993.0,UK,8000000.0,22551000.0,7.4,PG-13
239,3544,My Girl,Movie,United States,Howard Zieff,1991,PG-13,2531,My Girl ,Comedy|Drama|Family|Romance,Howard Zieff,1991.0,USA,16500000.0,59847242.0,6.8,PG-13
240,310,My Sister's Keeper,Movie,United States,Nick Cassavetes,2009,PG-13,1797,My Sister's Keeper ,Drama,Nick Cassavetes,2009.0,USA,30000000.0,49185998.0,7.4,PG-13
241,1617,My Week with Marilyn,Movie,"United Kingdom, United States",Simon Curtis,2011,R,3155,My Week with Marilyn ,Biography|Drama,Simon Curtis,2011.0,UK,6400000.0,14597405.0,7.0,R
242,311,Mystic River,Movie,"United States, Australia",Clint Eastwood,2003,R,1603,Mystic River ,Crime|Drama|Mystery|Thriller,Clint Eastwood,2003.0,USA,25000000.0,90135191.0,8.0,R
243,1396,Nacho Libre,Movie,"United States, Mexico",Jared Hess,2006,PG,1544,Nacho Libre ,Comedy|Family|Sport,Jared Hess,2006.0,Germany,32000000.0,80197993.0,5.7,PG
244,3111,Namastey London,Movie,India,Vipul Amrutlal Shah,2007,TV-PG,3348,Namastey London ,Comedy|Drama|Romance,Vipul Amrutlal Shah,2007.0,India,,1207007.0,7.3,
245,2721,National Treasure,Movie,United States,Jon Turteltaub,2004,PG,300,National Treasure ,Action|Adventure|Comedy|Family|Mystery,Jon Turteltaub,2004.0,USA,100000000.0,173005002.0,6.9,PG
246,3545,New York Minute,Movie,United States,Dennie Gordon,2004,PG,1299,New York Minute ,Comedy|Crime|Family|Romance,Dennie Gordon,2004.0,USA,30000000.0,14018364.0,4.8,PG
247,4028,Ninja Assassin,Movie,"Germany, United States",James McTeigue,2009,R,992,Ninja Assassin ,Action|Crime|Thriller,James McTeigue,2009.0,USA,40000000.0,38105077.0,6.4,R
248,813,No Reservations,Movie,United States,Scott Hicks,2007,PG,1771,No Reservations ,Comedy|Drama|Romance,Scott Hicks,2007.0,USA,28000000.0,43097652.0,6.3,PG
249,2908,Nothing to Lose,Movie,Brazil,Alexandre Avancini,2018,PG,1907,Nothing to Lose ,Action|Adventure|Comedy|Crime,Steve Oedekerk,1997.0,USA,25000000.0,44455658.0,6.7,R
250,5432,Nowhere Boy,Movie,"United Kingdom, Canada",Sam Taylor-Johnson,2009,R,4357,Nowhere Boy ,Biography|Drama|Music,Sam Taylor-Johnson,2009.0,UK,,1445366.0,7.2,R
251,2925,Obvious Child,Movie,United States,Gillian Robespierre,2014,R,4560,Obvious Child ,Comedy|Drama,Gillian Robespierre,2014.0,USA,,3122616.0,6.8,R
252,1398,Ocean's Eleven,Movie,United States,Lewis Milestone,1960,TV-PG,400,Ocean's Eleven ,Crime|Thriller,Steven Soderbergh,2001.0,USA,85000000.0,183405771.0,7.8,PG-13
253,814,Ocean's Thirteen,Movie,United States,Steven Soderbergh,2007,PG-13,411,Ocean's Thirteen ,Crime|Thriller,Steven Soderbergh,2007.0,USA,85000000.0,117144465.0,6.9,PG-13
254,815,Ocean's Twelve,Movie,United States,Steven Soderbergh,2004,PG-13,254,Ocean's Twelve ,Crime|Thriller,Steven Soderbergh,2004.0,USA,110000000.0,125531634.0,6.4,PG-13
255,1692,Olympus Has Fallen,Movie,United States,Antoine Fuqua,2013,R,599,Olympus Has Fallen ,Action|Thriller,Antoine Fuqua,2013.0,USA,70000000.0,98895417.0,6.5,R
256,1180,Once Upon a Time in the West,Movie,"Italy, United States",Sergio Leone,1968,PG-13,3766,Once Upon a Time in the West ,Western,Sergio Leone,1968.0,Italy,5000000.0,,8.6,PG-13
257,48,One Day,Movie,Thailand,Banjong Pisanthanakun,2016,TV-PG,2689,One Day ,Drama|Romance,Lone Scherfig,2011.0,USA,15000000.0,13766014.0,7.0,PG-13
258,4473,One Day,Movie,"United States, United Kingdom",Lone Scherfig,2011,PG-13,2689,One Day ,Drama|Romance,Lone Scherfig,2011.0,USA,15000000.0,13766014.0,7.0,PG-13
259,816,One Direction: This Is Us,Movie,United States,Morgan Spurlock,2013,PG,3152,One Direction: This Is Us ,Documentary|Music,Morgan Spurlock,2013.0,USA,10000000.0,28873374.0,4.1,PG
260,1759,Only God Forgives,Movie,"Denmark, France, United States, Sweden",Nicolas Winding Refn,2013,R,3831,Only God Forgives ,Crime|Drama,Nicolas Winding Refn,2013.0,Denmark,4800000.0,778565.0,5.7,R
261,314,Open Season,Movie,United States,"Roger Allers, Jill Culton",2006,PG,412,Open Season ,Adventure|Animation|Comedy|Family,Roger Allers,2006.0,USA,85000000.0,84303558.0,6.2,PG
262,3407,Operation Chromite,Movie,South Korea,John H. Lee,2016,NR,2892,Operation Chromite ,Action|Drama|History|War,John H. Lee,2016.0,South Korea,12620000.0,31662.0,6.8,
263,3824,Our Idiot Brother,Movie,United States,Jesse Peretz,2011,R,3726,Our Idiot Brother ,Comedy|Drama,Jesse Peretz,2011.0,USA,5000000.0,24809547.0,6.4,R
264,5482,P.S. I Love You,Movie,United States,Richard LaGravenese,2007,PG-13,1636,P.S. I Love You ,Drama|Romance,Richard LaGravenese,2007.0,USA,30000000.0,53680848.0,7.1,PG-13
265,3547,Pan's Labyrinth,Movie,"Mexico, Spain",Guillermo del Toro,2006,R,2551,Pan's Labyrinth ,Drama|Fantasy|War,Guillermo del Toro,2006.0,Spain,13500000.0,37623143.0,8.2,R
266,5069,Panic Room,Movie,United States,David Fincher,2002,R,1043,Panic Room ,Crime|Drama|Thriller,David Fincher,2002.0,USA,48000000.0,95308367.0,6.8,R
267,3548,Paranormal Activity,Movie,United States,Oren Peli,2007,R,4793,Paranormal Activity ,Horror,Oren Peli,2007.0,USA,15000.0,107917283.0,6.3,R
268,3549,Patriot Games,Movie,United States,Phillip Noyce,1992,R,1082,Patriot Games ,Action|Thriller,Phillip Noyce,1992.0,USA,45000000.0,83287363.0,6.9,R
269,3067,Paul Blart: Mall Cop,Movie,United States,Steve Carr,2009,PG,1832,Paul Blart: Mall Cop ,Action|Comedy|Crime,Steve Carr,2009.0,USA,26000000.0,20819129.0,5.2,PG
270,3068,Philadelphia,Movie,United States,Jonathan Demme,1993,PG-13,2572,Philadelphia ,Drama,Jonathan Demme,1993.0,USA,26000000.0,77324422.0,7.7,PG-13
271,3308,Planet 51,Movie,"Spain, United Kingdom, United States",Jorge Blanco,2009,PG,777,Planet 51 ,Adventure|Animation|Comedy|Family|Sci-Fi,Jorge Blanco,2009.0,Spain,70000000.0,42194060.0,6.1,PG
272,3017,Point Blank,Movie,"France, United States",Joe Lynch,2019,TV-MA,4135,Point Blank ,Crime|Thriller,John Boorman,1967.0,USA,3000000.0,,7.4,Approved
273,316,Poseidon,Movie,United States,Wolfgang Petersen,2006,PG-13,105,Poseidon ,Action|Adventure|Drama|Thriller,Wolfgang Petersen,2006.0,USA,160000000.0,60655503.0,5.6,PG-13
274,3628,Pulp Fiction,Movie,United States,Quentin Tarantino,1994,R,3355,Pulp Fiction ,Crime|Drama,Quentin Tarantino,1994.0,USA,8000000.0,107930000.0,8.9,R
275,3070,Race to Witch Mountain,Movie,United States,Andy Fickman,2009,PG,959,Race to Witch Mountain ,Action|Adventure|Family|Fantasy|Sci-Fi|Thriller,Andy Fickman,2009.0,USA,65000000.0,67128202.0,5.7,PG
276,902,Race,Movie,India,"Mastan Alibhai Burmawalla, Abbas Alibhai Burmawalla",2008,TV-14,3727,Race ,Biography|Drama|Sport,Stephen Hopkins,2016.0,Canada,,19097994.0,7.1,PG-13
277,317,Rachel Getting Married,Movie,United States,Jonathan Demme,2008,R,2967,Rachel Getting Married ,Drama|Romance,Jonathan Demme,2008.0,USA,,12796277.0,6.7,R
278,817,Raging Bull,Movie,United States,Martin Scorsese,1980,R,2425,Raging Bull ,Biography|Drama|Sport,Martin Scorsese,1980.0,USA,18000000.0,45250.0,8.3,R
279,3071,Rain Man,Movie,United States,Barry Levinson,1988,R,1868,Rain Man ,Drama,Barry Levinson,1988.0,USA,25000000.0,172825435.0,8.0,R
280,4925,Rang De Basanti,Movie,India,Rakeysh Omprakash Mehra,2006,TV-MA,3685,Rang De Basanti ,Comedy|Drama|History|Romance,Rakeysh Omprakash Mehra,2006.0,India,,2197331.0,8.4,Not Rated
281,2135,Ravenous,Movie,Canada,Robin Aubert,2017,TV-MA,2990,Ravenous ,Fantasy|Horror|Thriller,Antonia Bird,1999.0,Czech Republic,12000000.0,2060953.0,7.1,R
282,4223,Red Dawn,Movie,United States,John Milius,1984,PG-13,676,Red Dawn ,Action|Drama|War,John Milius,1984.0,USA,16900000.0,,6.4,PG-13
283,3553,Resident Evil: Afterlife,Movie,"Germany, France, United States, Canada, United Kingdom",Paul W.S. Anderson,2010,R,824,Resident Evil: Afterlife ,Action|Adventure|Horror|Sci-Fi,Paul W.S. Anderson,2010.0,Germany,60000000.0,60128566.0,5.9,R
284,1402,Revolutionary Road,Movie,"United States, United Kingdom",Sam Mendes,2008,R,1114,Revolutionary Road ,Drama|Romance,Sam Mendes,2008.0,USA,35000000.0,22877808.0,7.3,R
285,2706,Righteous Kill,Movie,United States,Jon Avnet,2008,R,784,Righteous Kill ,Action|Crime|Drama|Mystery|Thriller,Jon Avnet,2008.0,USA,60000000.0,40076438.0,6.0,R
286,2122,River's Edge,Movie,Japan,Isao Yukisada,2018,TV-MA,4343,River's Edge ,Crime|Drama,Tim Hunter,1986.0,USA,1900000.0,4600000.0,7.1,R
287,5071,Rocky,Movie,United States,John G. Avildsen,1976,PG,4530,Rocky ,Drama|Sport,John G. Avildsen,1976.0,USA,960000.0,117235247.0,8.1,PG
288,2926,Room,Movie,"Ireland, Canada, United Kingdom, United States",Lenny Abrahamson,2015,R,2866,Room ,Drama,Lenny Abrahamson,2015.0,Ireland,13000000.0,14677654.0,8.3,R
289,1403,Rosemary's Baby,Movie,United States,Roman Polanski,1968,R,4040,Rosemary's Baby ,Drama|Horror,Roman Polanski,1968.0,USA,2300000.0,,8.0,R
290,1404,Rounders,Movie,United States,John Dahl,1998,R,2948,Rounders ,Crime|Drama,John Dahl,1998.0,USA,12000000.0,22905674.0,7.4,R
291,818,Rugrats in Paris: The Movie,Movie,"Germany, United States","Stig Bergqvist, Paul Demeyer",2000,G,1609,Rugrats in Paris: The Movie ,Adventure|Animation|Comedy|Family|Romance,Stig Bergqvist,2000.0,Germany,30000000.0,76501438.0,6.1,G
292,1405,Rumble in the Bronx,Movie,Hong Kong,Stanley Tong,1995,R,3436,Rumble in the Bronx ,Action|Comedy,Stanley Tong,1995.0,Hong Kong,7500000.0,32333860.0,6.7,R
293,1789,Sahara,Movie,"France, Canada",Pierre Coré,2017,TV-Y7,169,Sahara ,Action|Adventure|Comedy|Thriller,Breck Eisner,2005.0,UK,130000000.0,68642452.0,6.0,PG-13
294,144,Sarah's Key,Movie,France,Gilles Paquet-Brenner,2010,PG-13,2758,Sarah's Key ,Drama|War,Gilles Paquet-Brenner,2010.0,France,10000000.0,7691700.0,7.5,PG-13
295,2125,Saving Mr. Banks,Movie,"United States, United Kingdom, Australia",John Lee Hancock,2013,PG-13,1428,Saving Mr. Banks ,Biography|Comedy|Drama|History|Music,John Lee Hancock,2013.0,USA,35000000.0,83299761.0,7.5,PG-13
296,5541,Schindler's List,Movie,United States,Steven Spielberg,1993,R,1874,Schindler's List ,Biography|Drama|History,Steven Spielberg,1993.0,USA,22000000.0,96067179.0,8.9,R
297,208,Scott Pilgrim vs. the World,Movie,"United States, United Kingdom, Canada, Japan",Edgar Wright,2010,PG-13,424,Scott Pilgrim vs. the World ,Action|Comedy|Fantasy|Romance,Edgar Wright,2010.0,USA,60000000.0,31494270.0,7.5,PG-13
298,819,Scream 2,Movie,United States,Wes Craven,1997,R,2021,Scream 2 ,Horror|Mystery,Wes Craven,1997.0,USA,24000000.0,101334374.0,6.1,R
299,3074,Scream 3,Movie,United States,Wes Craven,2000,R,1200,Scream 3 ,Horror|Mystery,Wes Craven,2000.0,USA,40000000.0,89138076.0,5.5,R
300,5542,Secret in Their Eyes,Movie,"United States, United Kingdom, Spain, South Korea",Billy Ray,2015,PG-13,2267,Secret in Their Eyes ,Crime|Drama|Mystery|Thriller,Billy Ray,2015.0,USA,19500000.0,,6.2,PG-13
301,4672,Seven Pounds,Movie,United States,Gabriele Muccino,2008,PG-13,893,Seven Pounds ,Drama|Romance,Gabriele Muccino,2008.0,USA,55000000.0,69951824.0,7.7,PG-13
302,390,She's Gotta Have It,Movie,United States,Spike Lee,1986,R,4923,She's Gotta Have It ,Comedy|Romance,Spike Lee,1986.0,USA,175000.0,7137502.0,6.5,R
303,1181,She's Out of My League,Movie,United States,Jim Field Smith,2010,R,2229,She's Out of My League ,Comedy|Romance,Jim Field Smith,2010.0,USA,20000000.0,31584722.0,6.4,R
304,5487,Sherlock Holmes,Movie,"United States, Germany, United Kingdom",Guy Ritchie,2009,PG-13,366,Sherlock Holmes ,Action|Adventure|Crime|Mystery|Thriller,Guy Ritchie,2009.0,USA,90000000.0,209019489.0,7.6,PG-13
305,3075,Shorts,Movie,"United States, United Arab Emirates",Robert Rodriguez,2009,PG,2236,Shorts ,Comedy|Family|Fantasy,Robert Rodriguez,2009.0,USA,40000000.0,20916309.0,4.9,PG
306,50,Shutter,Movie,Thailand,"Banjong Pisanthanakun, Parkpoom Wongpoom",2004,TV-MA,3369,Shutter ,Horror|Mystery|Thriller,Masayuki Ochiai,2008.0,USA,8000000.0,25926543.0,5.2,PG-13
307,822,Sin City,Movie,United States,"Robert Rodriguez, Frank Miller",2005,R,1213,Sin City ,Crime|Thriller,Frank Miller,2005.0,USA,40000000.0,74098862.0,8.1,R
308,670,Sinister 2,Movie,"United States, United Kingdom",Ciarán Foy,2015,R,3131,Sinister 2 ,Horror|Mystery|Thriller,Ciarán Foy,2015.0,USA,10000000.0,27736779.0,5.2,R
309,4460,Skin Trade,Movie,"Thailand, Canada, United States",Ekachai Uekrongtham,2014,R,3330,Skin Trade ,Action|Crime|Thriller,Ekachai Uekrongtham,2014.0,Thailand,9000000.0,162.0,5.7,R
310,3370,Skyline,Movie,United States,"Colin Strause, Greg Strause",2010,PG-13,3140,Skyline ,Action|Sci-Fi|Thriller,Colin Strause,2010.0,USA,10000000.0,21371425.0,4.4,PG-13
311,5424,Slam,Movie,Italy,Andrea Molaioli,2017,TV-MA,4570,Slam ,Drama,Marc Levin,1998.0,USA,1000000.0,982214.0,7.2,R
312,1407,Sling Blade,Movie,United States,Billy Bob Thornton,1996,R,3821,Sling Blade ,Drama,Billy Bob Thornton,1996.0,USA,890000.0,24475416.0,8.0,R
313,2860,Slow West,Movie,"United Kingdom, New Zealand",John Maclean,2015,R,4073,Slow West ,Western,John Maclean,2015.0,UK,,229094.0,6.9,R
314,2708,Small Soldiers,Movie,United States,Joe Dante,1998,PG-13,1228,Small Soldiers ,Action|Adventure|Comedy|Family|Sci-Fi,Joe Dante,1998.0,USA,40000000.0,53955614.0,6.1,PG-13
315,3561,Snow Day,Movie,United States,Chris Koch,2000,PG,2850,Snow Day ,Adventure|Comedy|Family,Chris Koch,2000.0,USA,13000000.0,60008303.0,4.9,PG
316,1828,Snowpiercer,Movie,"South Korea, Czech Republic",Bong Joon Ho,2013,R,1325,Snowpiercer ,Action|Drama|Sci-Fi|Thriller,Joon-ho Bong,2013.0,South Korea,39200000.0,4563029.0,7.0,R
317,5079,Something's Gotta Give,Movie,United States,Nancy Meyers,2003,PG-13,451,Something's Gotta Give ,Comedy|Drama|Romance,Nancy Meyers,2003.0,USA,80000000.0,124590960.0,6.7,PG-13
318,5080,Space Cowboys,Movie,United States,Clint Eastwood,2000,PG-13,664,Space Cowboys ,Action|Adventure|Thriller,Clint Eastwood,2000.0,USA,65000000.0,90454043.0,6.4,PG-13
319,1408,Sparkle,Movie,United States,Sam O'Steen,1976,PG,3132,Sparkle ,Drama|Music,Salim Akil,2012.0,USA,17000000.0,24397469.0,5.7,PG-13
320,1409,Spider-Man 3,Movie,United States,Sam Raimi,2007,PG-13,3461,Spider-Man 3 ,Action|Adventure|Romance,Sam Raimi,2007.0,USA,258000000.0,336530303.0,6.2,PG-13
321,1409,Spider-Man 3,Movie,United States,Sam Raimi,2007,PG-13,6,Spider-Man 3 ,Action|Adventure|Romance,Sam Raimi,2007.0,USA,258000000.0,336530303.0,6.2,PG-13
322,2965,Spring Breakers,Movie,"United States, France",Harmony Korine,2012,R,3738,Spring Breakers ,Crime|Drama,Harmony Korine,2012.0,USA,5000000.0,14123773.0,5.3,R
323,5488,Spy Kids,Movie,United States,Robert Rodriguez,2001,PG,1405,Spy Kids ,Action|Adventure|Comedy|Family|Sci-Fi,Robert Rodriguez,2001.0,USA,35000000.0,112692062.0,5.4,PG
324,3077,Starsky & Hutch,Movie,United States,Todd Phillips,2004,PG-13,748,Starsky & Hutch ,Comedy|Crime,Todd Phillips,2004.0,USA,60000000.0,88200225.0,6.1,PG-13
325,1411,Step Brothers,Movie,United States,Adam McKay,2008,R,660,Step Brothers ,Comedy,Adam McKay,2008.0,USA,65000000.0,100468793.0,6.9,R
326,3368,Steve Jobs,Movie,"United Kingdom, United States",Danny Boyle,2015,R,2435,Steve Jobs ,Biography|Drama,Danny Boyle,2015.0,UK,30000000.0,17750583.0,7.2,R
327,320,Stripes,Movie,United States,Ivan Reitman,1981,R,3092,Stripes ,Action|Comedy|War,Ivan Reitman,1981.0,USA,10000000.0,85300000.0,6.9,R
328,3565,Stuart Little 2,Movie,United States,Rob Minkoff,2002,PG,228,Stuart Little 2 ,Adventure|Animation|Comedy|Family|Fantasy,Rob Minkoff,2002.0,USA,120000000.0,64736114.0,5.4,PG
329,3564,Stuart Little,Movie,"Germany, United States",Rob Minkoff,1999,PG,276,Stuart Little ,Adventure|Comedy|Family|Fantasy,Rob Minkoff,1999.0,Germany,133000000.0,140015224.0,5.9,PG
330,321,Superbad,Movie,United States,Greg Mottola,2007,R,2475,Superbad ,Comedy,Greg Mottola,2007.0,USA,20000000.0,121463226.0,7.6,R
331,825,Superman Returns,Movie,United States,Bryan Singer,2006,PG-13,11,Superman Returns ,Action|Adventure|Sci-Fi,Bryan Singer,2006.0,USA,209000000.0,200069408.0,6.1,PG-13
332,1182,Superstar,Movie,United States,Bruce McCulloch,1999,PG-13,2780,Superstar ,Comedy|Romance,Bruce McCulloch,1999.0,USA,14000000.0,30628981.0,5.0,PG-13
333,826,Surf's Up,Movie,United States,"Ash Brannon, Chris Buck",2007,PG,328,Surf's Up ,Animation|Comedy|Family|Sport,Ash Brannon,2007.0,USA,100000000.0,58867694.0,6.8,PG
334,3080,Swordfish,Movie,United States,Dominic Sena,2001,R,483,Swordfish ,Action|Crime|Thriller,Dominic Sena,2001.0,USA,80000000.0,69772969.0,6.5,R
335,1734,Take Me Home Tonight,Movie,"United States, Germany",Michael Dowse,2011,R,2380,Take Me Home Tonight ,Comedy|Drama|Romance,Michael Dowse,2011.0,USA,23000000.0,6923891.0,6.3,R
336,1073,Takers,Movie,United States,John Luessenhop,2010,PG-13,1549,Takers ,Action|Crime|Thriller,John Luessenhop,2010.0,USA,20000000.0,57744720.0,6.2,PG-13
337,3081,Taxi Driver,Movie,United States,Martin Scorsese,1976,R,4535,Taxi Driver ,Crime|Drama,Martin Scorsese,1976.0,USA,1300000.0,,8.3,R
338,3631,Tears of the Sun,Movie,United States,Antoine Fuqua,2003,R,546,Tears of the Sun ,Action|Drama|Thriller|War,Antoine Fuqua,2003.0,USA,70000000.0,43426961.0,6.6,R
339,3567,Teenage Mutant Ninja Turtles II: The Secret of the Ooze,Movie,"United States, Hong Kong",Michael Pressman,1991,PG,1883,Teenage Mutant Ninja Turtles II: The Secret of the Ooze ,Action|Adventure|Comedy|Family|Sci-Fi,Michael Pressman,1991.0,USA,25000000.0,78656813.0,6.0,PG
340,1830,Teenage Mutant Ninja Turtles,Movie,"Hong Kong, United States",Kevin Munroe,2007,PG,2820,Teenage Mutant Ninja Turtles ,Action|Adventure|Comedy|Sci-Fi,Jonathan Liebesman,2014.0,USA,125000000.0,190871240.0,5.9,PG-13
341,1830,Teenage Mutant Ninja Turtles,Movie,"Hong Kong, United States",Kevin Munroe,2007,PG,245,Teenage Mutant Ninja Turtles ,Action|Adventure|Comedy|Sci-Fi,Jonathan Liebesman,2014.0,USA,125000000.0,190871240.0,5.9,PG-13
342,3569,Terminator 3: Rise of the Machines,Movie,"United States, Germany, United Kingdom",Jonathan Mostow,2003,R,94,Terminator 3: Rise of the Machines ,Action|Sci-Fi,Jonathan Mostow,2003.0,USA,200000000.0,150350192.0,6.4,R
343,3570,Terminator Salvation,Movie,"United States, Germany, United Kingdom, Italy",McG,2009,PG-13,44,Terminator Salvation ,Action|Adventure|Sci-Fi,McG,2009.0,USA,200000000.0,125320003.0,6.6,PG-13
344,1183,The Adventures of Tintin,Movie,"United States, New Zealand, United Kingdom",Steven Spielberg,2011,PG,194,The Adventures of Tintin ,Action|Adventure|Family|Mystery,Steven Spielberg,2011.0,USA,135000000.0,77564037.0,7.4,PG
345,3571,The Amityville Horror,Movie,United States,Andrew Douglas,2005,R,2385,The Amityville Horror ,Drama|Horror|Mystery|Thriller,Andrew Douglas,2005.0,USA,19000000.0,64255243.0,6.0,R
346,3084,The Book of Eli,Movie,United States,"Albert Hughes, Allen Hughes",2010,R,463,The Book of Eli ,Action|Adventure|Drama|Thriller,Albert Hughes,2010.0,USA,80000000.0,94822707.0,6.9,R
347,827,The Bounty Hunter,Movie,United States,Andy Tennant,2010,PG-13,1139,The Bounty Hunter ,Action|Comedy|Romance,Andy Tennant,2010.0,USA,40000000.0,67061228.0,5.5,PG-13
348,2709,The Box,Movie,United States,Richard Kelly,2009,PG-13,1959,The Box ,Drama|Fantasy|Mystery|Thriller,Richard Kelly,2009.0,USA,16000000.0,15045676.0,5.6,PG-13
349,3632,The Boy in the Striped Pajamas,Movie,"United Kingdom, United States",Mark Herman,2008,PG-13,2906,The Boy in the Striped Pajamas ,Drama|War,Mark Herman,2008.0,UK,12500000.0,9030581.0,7.8,PG-13
350,2948,The Break-Up,Movie,United States,Peyton Reed,2006,PG-13,913,The Break-Up ,Comedy|Drama|Romance,Peyton Reed,2006.0,USA,52000000.0,118683135.0,5.8,PG-13
351,3085,The Brothers Grimm,Movie,"United States, Czech Republic, United Kingdom",Terry Gilliam,2005,PG-13,487,The Brothers Grimm ,Action|Adventure|Comedy|Fantasy|Thriller,Terry Gilliam,2005.0,USA,88000000.0,37899638.0,5.9,PG-13
352,828,The Bucket List,Movie,United States,Rob Reiner,2007,PG-13,1081,The Bucket List ,Adventure|Comedy|Drama,Rob Reiner,2007.0,USA,45000000.0,93452056.0,7.4,PG-13
353,2673,The Cell,Movie,Egypt,Tarek Al Eryan,2017,TV-MA,1421,The Cell ,Horror|Sci-Fi|Thriller,Tarsem Singh,2000.0,USA,33000000.0,61280963.0,6.3,R
354,1414,The Christmas Candle,Movie,"United Kingdom, United States",John Stephenson,2013,PG,3517,The Christmas Candle ,Drama|Family,John Stephenson,2013.0,UK,,2209479.0,5.8,PG
355,3191,The Conjuring,Movie,United States,James Wan,2013,R,2163,The Conjuring ,Horror|Mystery|Thriller,James Wan,2013.0,USA,20000000.0,137387272.0,7.5,R
356,3574,The Craft,Movie,United States,Andrew Fleming,1996,R,2663,The Craft ,Drama|Fantasy|Horror|Thriller,Andrew Fleming,1996.0,USA,15000000.0,24881000.0,6.2,R
357,1297,The Crew,Movie,France,Julien Leclercq,2015,TV-MA,2064,The Crew ,Comedy|Crime,Michael Dinner,2000.0,USA,23000000.0,13019253.0,5.6,PG-13
358,2822,The Croods,Movie,,"Kirk De Micco, Chris Sanders",2013,PG,241,The Croods ,Adventure|Animation|Comedy|Family|Fantasy,Kirk De Micco,2013.0,USA,135000000.0,187165546.0,7.3,PG
359,3633,The Crow,Movie,United States,Alex Proyas,1994,R,1328,The Crow ,Action|Drama|Fantasy,Alex Proyas,1994.0,USA,23000000.0,50693162.0,7.6,R
360,3575,The Crying Game,Movie,"United Kingdom, Japan, United States",Neil Jordan,1992,R,3884,The Crying Game ,Crime|Drama|Romance|Thriller,Neil Jordan,1992.0,UK,2300000.0,62549000.0,7.3,R
361,4639,The Departed,Movie,United States,Martin Scorsese,2006,R,361,The Departed ,Crime|Drama|Thriller,Martin Scorsese,2006.0,USA,90000000.0,132373442.0,8.5,R
362,1184,The Devil Inside,Movie,United States,William Brent Bell,2012,R,4545,The Devil Inside ,Horror,William Brent Bell,2012.0,USA,1000000.0,53245055.0,4.2,R
363,5544,The Duchess,Movie,"United Kingdom, Italy, France, United States",Saul Dibb,2008,PG-13,1817,The Duchess ,Biography|Drama|History|Romance,Saul Dibb,2008.0,UK,13500000.0,13823741.0,6.9,PG-13
364,3576,The Dukes of Hazzard,Movie,United States,Jay Chandrasekhar,2005,PG-13,916,The Dukes of Hazzard ,Action|Adventure|Comedy,Jay Chandrasekhar,2005.0,USA,50000000.0,80270227.0,5.1,PG-13
365,3471,The Evil Dead,Movie,United States,Sam Raimi,1981,TV-MA,4813,The Evil Dead ,Fantasy|Horror,Sam Raimi,1981.0,USA,375000.0,,7.6,NC-17
366,3440,The Fighter,Movie,United States,David O. Russell,2010,R,3029,The Fighter ,Biography|Drama|Sport,David O. Russell,2010.0,USA,25000000.0,93571803.0,7.9,R
367,3578,The Final Destination,Movie,United States,David R. Ellis,2009,R,1223,The Final Destination ,Horror,David R. Ellis,2009.0,USA,40000000.0,66466372.0,5.2,R
368,1185,The First Wives Club,Movie,United States,Hugh WIlson,1996,PG,1599,The First Wives Club ,Comedy,Hugh Wilson,1996.0,USA,26000000.0,105444419.0,6.2,PG
369,832,The Flintstones in Viva Rock Vegas,Movie,United States,Brian Levant,2000,PG,818,The Flintstones in Viva Rock Vegas ,Comedy|Family|Romance|Sci-Fi,Brian Levant,2000.0,USA,60000000.0,35231365.0,3.6,PG
370,831,The Flintstones,Movie,United States,Brian Levant,1994,PG,1073,The Flintstones ,Comedy|Family|Fantasy,Brian Levant,1994.0,USA,45000000.0,130512915.0,4.8,PG
371,3086,The Forbidden Kingdom,Movie,"United States, China",Rob Minkoff,2008,PG-13,864,The Forbidden Kingdom ,Action|Adventure|Fantasy,Rob Minkoff,2008.0,USA,55000000.0,25040293.0,6.6,PG-13
372,1416,The Game,Movie,United States,David Fincher,1997,R,975,The Game ,Drama|Mystery|Thriller,David Fincher,1997.0,USA,50000000.0,48265581.0,7.8,R
373,1186,The Gift,Movie,United States,Sam Raimi,2000,R,3704,The Gift ,Mystery|Thriller,Joel Edgerton,2015.0,USA,5000000.0,43771291.0,7.1,R
374,1186,The Gift,Movie,United States,Sam Raimi,2000,R,3158,The Gift ,Mystery|Thriller,Joel Edgerton,2015.0,USA,5000000.0,43771291.0,7.1,R
375,1187,"The Goods: Live Hard, Sell Hard",Movie,United States,Neal Brennan,2009,R,3153,"The Goods: Live Hard, Sell Hard ",Comedy,Neal Brennan,2009.0,USA,,15102127.0,5.8,R
376,110,The Grandmaster,Movie,"Hong Kong, China",Wong Kar Wai,2013,PG-13,1344,The Grandmaster ,Action|Biography|Drama,Kar-Wai Wong,2013.0,Hong Kong,38600000.0,6594136.0,6.5,PG-13
377,1417,The Great Raid,Movie,"United States, Australia",John Dahl,2005,R,811,The Great Raid ,Action|Drama|War,John Dahl,2005.0,USA,80000000.0,10166502.0,6.7,R
378,1253,The Green Inferno,Movie,"United States, Spain, Chile, Peru",Eli Roth,2013,R,4551,The Green Inferno ,Adventure|Horror,Eli Roth,2013.0,USA,6000000.0,7186670.0,5.4,R
379,544,The Hateful Eight,Movie,United States,Quentin Tarantino,2015,R,706,The Hateful Eight ,Crime|Drama|Mystery|Thriller|Western,Quentin Tarantino,2015.0,USA,44000000.0,54116191.0,7.9,R
380,462,The Haunting of Molly Hartley,Movie,United States,Mickey Liddell,2008,PG-13,3742,The Haunting of Molly Hartley ,Drama|Horror|Thriller,Mickey Liddell,2008.0,USA,5000000.0,13350177.0,3.8,PG-13
381,3235,The Hundred-Foot Journey,Movie,"United States, India, United Arab Emirates",Lasse Hallström,2014,PG,2089,The Hundred-Foot Journey ,Comedy|Drama,Lasse Hallström,2014.0,USA,22000000.0,54235441.0,7.3,PG
382,1949,The Imaginarium of Doctor Parnassus,Movie,"United Kingdom, Canada, France, United States",Terry Gilliam,2009,PG-13,1708,The Imaginarium of Doctor Parnassus ,Adventure|Fantasy|Mystery,Terry Gilliam,2009.0,UK,40000000.0,7689458.0,6.8,PG-13
383,5120,The Informant!,Movie,United States,Steven Soderbergh,2009,R,2095,The Informant! ,Comedy|Crime|Drama|Thriller,Steven Soderbergh,2009.0,USA,21000000.0,33313582.0,6.5,R
384,1536,The Interview,Movie,Australia,Craig Monahan,1998,NR,1173,The Interview ,Comedy,Evan Goldberg,2014.0,USA,44000000.0,6105175.0,6.6,R
385,3579,The Invention of Lying,Movie,United States,"Ricky Gervais, Matthew Robinson",2009,PG-13,2390,The Invention of Lying ,Comedy|Fantasy|Romance,Ricky Gervais,2009.0,USA,18500000.0,18439082.0,6.4,PG-13
386,2772,The Iron Lady,Movie,"United Kingdom, France",Phyllida Lloyd,2011,PG-13,2781,The Iron Lady ,Biography|Drama|History,Phyllida Lloyd,2011.0,UK,13000000.0,29959436.0,6.4,PG-13
387,1086,The Island,Movie,Nigeria,Toka McBaror,2018,TV-14,280,The Island ,Action|Adventure|Romance|Sci-Fi|Thriller,Michael Bay,2005.0,USA,126000000.0,35799026.0,6.9,PG-13
388,1086,The Island,Movie,Nigeria,Toka McBaror,2018,TV-14,2105,The Island ,Action|Adventure|Romance|Sci-Fi|Thriller,Michael Bay,2005.0,USA,126000000.0,35799026.0,6.9,PG-13
389,661,The Karate Kid,Movie,"United States, China",Harald Zwart,2010,PG,3351,The Karate Kid ,Action|Drama|Family|Sport,John G. Avildsen,1984.0,USA,8000000.0,90800000.0,7.2,PG
390,661,The Karate Kid,Movie,"United States, China",Harald Zwart,2010,PG,1184,The Karate Kid ,Action|Drama|Family|Sport,John G. Avildsen,1984.0,USA,8000000.0,90800000.0,7.2,PG
391,2599,The King's Speech,Movie,"United Kingdom, United States, Australia",Tom Hooper,2010,R,2607,The King's Speech ,Biography|Drama|History|Romance,Tom Hooper,2010.0,UK,15000000.0,138795342.0,8.0,R
392,324,The Lake House,Movie,United States,Alejandro Agresti,2006,PG,1241,The Lake House ,Drama|Fantasy|Romance,Alejandro Agresti,2006.0,USA,40000000.0,52320979.0,6.8,PG
393,325,The Last Exorcism,Movie,"France, United States",Daniel Stamm,2010,PG-13,4356,The Last Exorcism ,Drama|Horror|Thriller,Daniel Stamm,2010.0,France,1800000.0,40990055.0,5.6,PG-13
394,4779,The Little Prince,Movie,France,Mark Osborne,2016,PG,516,The Little Prince ,Adventure|Animation|Drama|Family|Fantasy,Mark Osborne,2015.0,France,81200000.0,1339152.0,7.8,PG
395,2188,The Lives of Others,Movie,Germany,Florian Henckel von Donnersmarck,2006,R,4259,The Lives of Others ,Drama|Thriller,Florian Henckel von Donnersmarck,2006.0,Germany,2000000.0,11284657.0,8.5,R
396,1188,The Longest Yard,Movie,United States,Robert Aldrich,1974,R,447,The Longest Yard ,Comedy|Crime|Sport,Peter Segal,2005.0,USA,82000000.0,158115031.0,6.4,PG-13
397,3243,The Longshots,Movie,United States,Fred Durst,2008,PG,2068,The Longshots ,Biography|Comedy|Drama|Family|Sport,Fred Durst,2008.0,USA,23000000.0,11508423.0,5.1,PG
398,3580,The Lord of the Rings: The Return of the King,Movie,"New Zealand, United States",Peter Jackson,2003,PG-13,339,The Lord of the Rings: The Return of the King ,Action|Adventure|Drama|Fantasy,Peter Jackson,2003.0,USA,94000000.0,377019252.0,8.9,PG-13
399,3581,The Lord of the Rings: The Two Towers,Movie,"New Zealand, United States",Peter Jackson,2002,PG-13,340,The Lord of the Rings: The Two Towers ,Action|Adventure|Drama|Fantasy,Peter Jackson,2002.0,USA,94000000.0,340478898.0,8.7,PG-13
400,1189,The Love Guru,Movie,"United Kingdom, Germany, United States",Marco Schnabel,2008,PG-13,704,The Love Guru ,Comedy|Romance|Sport,Marco Schnabel,2008.0,USA,62000000.0,32178777.0,3.8,PG-13
401,1036,The Lovers,Movie,United States,Azazel Jacobs,2017,R,1508,The Lovers ,Action|Adventure|Romance|Sci-Fi,Roland Joffé,2015.0,Belgium,,,4.5,R
402,1036,The Lovers,Movie,United States,Azazel Jacobs,2017,R,84,The Lovers ,Action|Adventure|Romance|Sci-Fi,Roland Joffé,2015.0,Belgium,,,4.5,R
403,3785,The Lovers,Movie,"Belgium, India, Australia",Roland Joffé,2015,R,1508,The Lovers ,Action|Adventure|Romance|Sci-Fi,Roland Joffé,2015.0,Belgium,,,4.5,R
404,3785,The Lovers,Movie,"Belgium, India, Australia",Roland Joffé,2015,R,84,The Lovers ,Action|Adventure|Romance|Sci-Fi,Roland Joffé,2015.0,Belgium,,,4.5,R
405,3582,The Mask of Zorro,Movie,"United States, Germany, Mexico",Martin Campbell,1998,PG-13,661,The Mask of Zorro ,Action|Adventure|Comedy|Romance|Thriller|Western,Martin Campbell,1998.0,USA,65000000.0,93771072.0,6.7,PG-13
406,3428,The Master,Movie,United States,Paul Thomas Anderson,2012,R,1364,The Master ,Drama,Paul Thomas Anderson,2012.0,USA,32000000.0,16377274.0,7.1,R
407,1423,The Matrix Reloaded,Movie,United States,"Lilly Wachowski, Lana Wachowski",2003,R,126,The Matrix Reloaded ,Action|Sci-Fi,Lana Wachowski,2003.0,USA,150000000.0,281492479.0,7.2,R
408,1424,The Matrix Revolutions,Movie,United States,"Lilly Wachowski, Lana Wachowski",2003,R,124,The Matrix Revolutions ,Action|Sci-Fi,Lana Wachowski,2003.0,Australia,150000000.0,139259759.0,6.7,R
409,1422,The Matrix,Movie,United States,"Lilly Wachowski, Lana Wachowski",1999,R,654,The Matrix ,Action|Sci-Fi,Lana Wachowski,1999.0,USA,63000000.0,171383253.0,8.7,R
410,2479,The Men Who Stare at Goats,Movie,"United States, United Kingdom",Grant Heslov,2009,R,2032,The Men Who Stare at Goats ,Comedy|War,Grant Heslov,2009.0,USA,25000000.0,32416109.0,6.2,R
411,3586,The Original Kings of Comedy,Movie,United States,Spike Lee,2000,R,4051,The Original Kings of Comedy ,Comedy|Documentary,Spike Lee,2000.0,USA,3000000.0,38168022.0,6.6,R
412,3587,The Peacemaker,Movie,United States,Mimi Leder,1997,R,984,The Peacemaker ,Action|Thriller,Mimi Leder,1997.0,USA,50000000.0,41256277.0,5.9,R
413,1426,The Pelican Brief,Movie,United States,Alan J. Pakula,1993,PG-13,1079,The Pelican Brief ,Crime|Drama|Mystery|Thriller,Alan J. Pakula,1993.0,USA,45000000.0,100768056.0,6.5,PG-13
414,2710,The Phantom of the Opera,Movie,"United Kingdom, United States",Joel Schumacher,2004,PG-13,880,The Phantom of the Opera ,Drama|Musical|Romance|Thriller,Joel Schumacher,2004.0,UK,70000000.0,51225796.0,7.4,PG-13
415,3088,The Pink Panther,Movie,"United States, Czech Republic",Shawn Levy,2006,PG,467,The Pink Panther ,Adventure|Comedy|Crime|Family|Mystery,Shawn Levy,2006.0,USA,65000000.0,82226474.0,5.6,PG
416,1740,The Place Beyond the Pines,Movie,United States,Derek Cianfrance,2012,R,2677,The Place Beyond the Pines ,Crime|Drama|Thriller,Derek Cianfrance,2012.0,USA,15000000.0,21383298.0,7.3,R
417,2586,The Player,Movie,,Ahmad El-Badri,2012,TV-MA,3376,The Player             ,Action|Crime|Drama|Thriller,,,USA,,,7.1,TV-14
418,2949,The Princess and the Frog,Movie,United States,"Ron Clements, John Musker",2009,G,277,The Princess and the Frog ,Animation|Family|Fantasy|Musical|Romance,Ron Clements,2009.0,USA,105000000.0,104374107.0,7.1,G
419,3860,The Prince,Movie,"United States, United Kingdom",Brian A. Miller,2014,R,2483,The Prince ,Action|Thriller,Brian A Miller,2014.0,USA,18000000.0,,4.6,R
420,352,The Promise,Movie,Thailand,Sophon Sakdaphisit,2017,TV-MA,1720,The Promise ,Action|Drama|Fantasy,Kaige Chen,2005.0,China,60000000.0,668171.0,5.6,PG-13
421,836,The Pursuit of Happyness,Movie,United States,Gabriele Muccino,2006,PG-13,851,The Pursuit of Happyness ,Biography|Drama,Gabriele Muccino,2006.0,USA,55000000.0,162586036.0,8.0,PG-13
422,1190,The Rainmaker,Movie,"United States, Germany",Francis Ford Coppola,1997,PG-13,1246,The Rainmaker ,Crime|Drama|Thriller,Francis Ford Coppola,1997.0,USA,40000000.0,45856732.0,7.1,PG-13
423,4606,The Ridiculous 6,Movie,United States,Frank Coraci,2015,TV-14,821,The Ridiculous 6 ,Comedy|Western,Frank Coraci,2015.0,USA,,,4.9,TV-14
424,353,The River Wild,Movie,United States,Curtis Hanson,1994,PG-13,1106,The River Wild ,Action|Adventure|Crime|Thriller,Curtis Hanson,1994.0,USA,45000000.0,46815748.0,6.3,PG-13
425,837,The Rugrats Movie,Movie,United States,"Igor Kovalyov, Norton Virgien",1998,G,1750,The Rugrats Movie ,Adventure|Animation|Comedy|Drama|Family|Musical,Igor Kovalyov,1998.0,USA,24000000.0,100491683.0,5.9,G
426,5053,The Saint,Movie,United States,Ernie Barbarash,2017,TV-14,381,The Saint ,Action|Adventure|Romance|Sci-Fi|Thriller,Phillip Noyce,1997.0,USA,68000000.0,61355436.0,6.2,PG-13
427,326,The Saint,Movie,United States,Phillip Noyce,1997,PG-13,381,The Saint ,Action|Adventure|Romance|Sci-Fi|Thriller,Phillip Noyce,1997.0,USA,68000000.0,61355436.0,6.2,PG-13
428,1093,The Score,Movie,"Germany, Canada, United States",Frank Oz,2001,R,632,The Score ,Crime|Drama|Thriller,Frank Oz,2001.0,USA,68000000.0,71069884.0,6.8,R
429,4127,The Secret,Movie,"Australia, United States",Drew Heriot,2006,TV-PG,4015,The Secret             ,Drama|Thriller,,,UK,,,7.3,
430,240,The Secret,Movie,,"Raffi Ahmad, Arie Azis",2018,TV-MA,4015,The Secret             ,Drama|Thriller,,,UK,,,7.3,
431,2997,The Signal,Movie,United States,"William Eubank, Will Eubank",2014,PG-13,4993,The Signal ,Sci-Fi|Thriller,William Eubank,2014.0,USA,4000000.0,,6.1,PG-13
432,2971,The Spectacular Now,Movie,United States,James Ponsoldt,2013,R,4197,The Spectacular Now ,Comedy|Drama|Romance,James Ponsoldt,2013.0,USA,2500000.0,6851969.0,7.1,R
433,2317,The Spiderwick Chronicles,Movie,United States,Mark Waters,2008,PG,346,The Spiderwick Chronicles ,Adventure|Family|Fantasy,Mark Waters,2008.0,USA,90000000.0,71148699.0,6.6,PG
434,3360,The Square,Movie,"United Kingdom, Egypt, United States",Jehane Noujaim,2013,TV-MA,4348,The Square ,Documentary|Drama|History|News,Jehane Noujaim,2013.0,Egypt,1500000.0,,8.1,Not Rated
435,839,The Squid and the Whale,Movie,United States,Noah Baumbach,2005,R,4406,The Squid and the Whale ,Comedy|Drama,Noah Baumbach,2005.0,USA,1500000.0,7362100.0,7.4,R
436,3589,The Talented Mr. Ripley,Movie,United States,Anthony Minghella,1999,R,1206,The Talented Mr. Ripley ,Crime|Drama|Thriller,Anthony Minghella,1999.0,USA,40000000.0,81292135.0,7.3,R
437,4475,The Theory of Everything,Movie,"United Kingdom, Japan, United States",James Marsh,2014,PG-13,2641,The Theory of Everything ,Biography|Drama|Romance,James Marsh,2014.0,UK,15000000.0,35887263.0,7.7,PG-13
438,1131,The Time Machine,Movie,"United States, United Arab Emirates",Simon Wells,2002,PG-13,481,The Time Machine ,Action|Adventure|Sci-Fi,Simon Wells,2002.0,USA,80000000.0,56684819.0,5.9,PG-13
439,840,The Time Traveler's Wife,Movie,United States,Robert Schwentke,2009,PG-13,1330,The Time Traveler's Wife ,Drama|Fantasy|Romance|Sci-Fi,Robert Schwentke,2009.0,USA,39000000.0,63411478.0,7.1,PG-13
440,3196,The Tourist,Movie,"United States, France, Italy, United Kingdom",Florian Henckel von Donnersmarck,2010,PG-13,305,The Tourist ,Action|Romance|Thriller,Florian Henckel von Donnersmarck,2010.0,USA,100000000.0,67631157.0,6.0,PG-13
441,3196,The Tourist,Movie,"United States, France, Italy, United Kingdom",Florian Henckel von Donnersmarck,2010,PG-13,3170,The Tourist ,Action|Romance|Thriller,Florian Henckel von Donnersmarck,2010.0,USA,100000000.0,67631157.0,6.0,PG-13
442,1427,The Tuxedo,Movie,United States,Kevin Donovan,2002,PG-13,758,The Tuxedo ,Action|Comedy|Sci-Fi,Kevin Donovan,2002.0,USA,60000000.0,50189179.0,5.3,PG-13
443,5304,The Ugly Truth,Movie,United States,Robert Luketic,2009,R,1340,The Ugly Truth ,Comedy|Romance,Robert Luketic,2009.0,USA,38000000.0,88915214.0,6.5,R
444,430,The Water Diviner,Movie,"Australia, United States",Russell Crowe,2014,R,2080,The Water Diviner ,Drama|War,Russell Crowe,2014.0,Australia,22500000.0,4190530.0,7.1,R
445,1954,The Waterboy,Movie,United States,Frank Coraci,1998,PG-13,2050,The Waterboy ,Comedy|Sport,Frank Coraci,1998.0,USA,20000000.0,161487252.0,6.1,PG-13
446,204,The Witch,Movie,"United Kingdom, Canada, United States",Robert Eggers,2015,R,3996,The Witch ,Horror|Mystery,Robert Eggers,2015.0,USA,3500000.0,25138292.0,6.8,R
447,4234,The World Is Not Enough,Movie,"United Kingdom, United States",Michael Apted,1999,PG-13,172,The World Is Not Enough ,Action|Adventure|Thriller,Michael Apted,1999.0,UK,135000000.0,126930660.0,6.4,PG-13
448,4235,Tomorrow Never Dies,Movie,"United Kingdom, United States",Roger Spottiswoode,1997,PG-13,252,Tomorrow Never Dies ,Action|Adventure|Thriller,Roger Spottiswoode,1997.0,UK,110000000.0,125332007.0,6.5,PG-13
449,841,Trainspotting,Movie,United Kingdom,Danny Boyle,1996,R,4050,Trainspotting ,Drama,Danny Boyle,1996.0,UK,3500000.0,16501785.0,8.2,R
450,1490,Transcendence,Movie,"United Kingdom, China, United States",Wally Pfister,2014,PG-13,343,Transcendence ,Drama|Mystery|Romance|Sci-Fi|Thriller,Wally Pfister,2014.0,UK,100000000.0,23014504.0,6.3,PG-13
451,3636,Trash,Movie,"United Kingdom, Brazil, Germany",Stephen Daldry,2014,R,3027,Trash ,Adventure|Crime|Drama|Mystery|Thriller,Stephen Daldry,2014.0,UK,,10230.0,7.2,R
452,3590,Tremors,Movie,United States,Ron Underwood,1990,PG-13,3146,Tremors ,Comedy|Horror|Sci-Fi,Ron Underwood,1990.0,USA,11000000.0,16667084.0,7.1,PG-13
453,842,Troy,Movie,"United States, Malta, United Kingdom",Wolfgang Petersen,2004,R,147,Troy ,Adventure,Wolfgang Petersen,2004.0,USA,175000000.0,133228348.0,7.2,R
454,3595,True Grit,Movie,United States,Henry Hathaway,1969,G,1407,True Grit ,Adventure|Drama|Western,Ethan Coen,2010.0,USA,38000000.0,171031347.0,7.7,PG-13
455,284,Turbo,Movie,United States,David Soren,2013,PG,180,Turbo ,Adventure|Animation|Comedy|Family|Sport,David Soren,2013.0,USA,135000000.0,83024900.0,6.5,PG
456,2877,Tusk,Movie,United States,Kevin Smith,2014,R,4104,Tusk ,Comedy|Drama|Horror,Kevin Smith,2014.0,USA,3000000.0,1821983.0,5.4,R
457,1696,Two Lovers and a Bear,Movie,Canada,Kim Nguyen,2016,R,3544,Two Lovers and a Bear ,Drama|Romance,Kim Nguyen,2016.0,Canada,8700000.0,,7.2,
458,844,Unaccompanied Minors,Movie,United States,Paul Feig,2006,PG,1955,Unaccompanied Minors ,Adventure|Comedy|Family|Romance,Paul Feig,2006.0,USA,26000000.0,16647384.0,5.1,PG
459,2533,Unbroken,Movie,India,Svati Chakravarty Bhatkal,2019,TV-14,663,Unbroken ,Biography|Drama|Sport|War,Angelina Jolie Pitt,2014.0,USA,65000000.0,115603980.0,7.2,PG-13
460,2533,Unbroken,Movie,India,Svati Chakravarty Bhatkal,2019,TV-14,1220,Unbroken ,Biography|Drama|Sport|War,Angelina Jolie Pitt,2014.0,USA,65000000.0,115603980.0,7.2,PG-13
461,4509,Underdogs,Movie,,Téo Frank,2018,TV-MA,2130,Underdogs ,Adventure|Animation|Family|Sport,Juan José Campanella,2013.0,Spain,22000000.0,,6.7,PG
462,3596,Up in the Air,Movie,United States,Jason Reitman,2009,R,1612,Up in the Air ,Drama|Romance,Jason Reitman,2009.0,USA,25000000.0,83813460.0,7.4,R
463,913,V for Vendetta,Movie,"United States, United Kingdom, Germany",James McTeigue,2005,R,960,V for Vendetta ,Action|Drama|Thriller,James McTeigue,2005.0,USA,54000000.0,70496802.0,8.2,R
464,1430,Vantage Point,Movie,United States,Pete Travis,2008,PG-13,1214,Vantage Point ,Crime|Drama|Mystery|Thriller,Pete Travis,2008.0,USA,40000000.0,72266306.0,6.6,PG-13
465,1579,War Horse,Movie,"United States, India",Steven Spielberg,2011,PG-13,604,War Horse ,Drama|War,Steven Spielberg,2011.0,USA,66000000.0,79883359.0,7.2,PG-13
466,5499,War,Movie,"United States, Canada",Philip G. Atwell,2007,R,1951,War ,Action|Crime|Thriller,Philip G. Atwell,2007.0,USA,25000000.0,22466994.0,6.3,R
467,3597,What Lies Beneath,Movie,United States,Robert Zemeckis,2000,PG-13,356,What Lies Beneath ,Drama|Fantasy|Horror|Mystery|Thriller,Robert Zemeckis,2000.0,USA,100000000.0,155370362.0,6.6,PG-13
468,2714,What a Girl Wants,Movie,United States,Dennie Gordon,2003,PG,1921,What a Girl Wants ,Comedy|Drama|Family|Romance,Dennie Gordon,2003.0,USA,20000000.0,35990505.0,5.8,PG
469,1191,What's Eating Gilbert Grape,Movie,United States,Lasse Hallström,1993,PG-13,3058,What's Eating Gilbert Grape ,Drama|Romance,Lasse Hallström,1993.0,USA,11000000.0,9170214.0,7.8,PG-13
470,562,While We're Young,Movie,United States,Noah Baumbach,2015,R,3201,While We're Young ,Comedy|Drama,Noah Baumbach,2014.0,USA,10000000.0,7574066.0,6.3,R
471,2786,White Fang,Movie,"France, Luxembourg, United States",Alexandre Espigares,2018,TV-PG,2779,White Fang ,Adventure|Drama,Randal Kleiser,1991.0,USA,14000000.0,34793160.0,6.7,PG
472,3598,Wild Wild West,Movie,United States,Barry Sonnenfeld,1999,PG-13,71,Wild Wild West ,Action|Comedy|Sci-Fi|Western,Barry Sonnenfeld,1999.0,USA,170000000.0,113745408.0,4.8,PG-13
473,3599,Willy Wonka & the Chocolate Factory,Movie,"United States, East Germany, West Germany",Mel Stuart,1971,G,4093,Willy Wonka & the Chocolate Factory ,Family|Fantasy|Musical,Mel Stuart,1971.0,USA,3000000.0,,7.8,G
474,2321,Winter's Bone,Movie,United States,Debra Granik,2010,R,4270,Winter's Bone ,Drama,Debra Granik,2010.0,USA,2000000.0,6531491.0,7.2,R
475,4991,Wish I Was Here,Movie,United States,Zach Braff,2014,R,3621,Wish I Was Here ,Comedy|Drama,Zach Braff,2014.0,USA,6000000.0,3588432.0,6.7,R
476,2056,Wolves,Movie,United States,Bart Freundlich,2016,R,2477,Wolves ,Action|Horror,David Hayter,2014.0,France,18000000.0,,5.3,R
477,5030,Woodstock,Movie,United States,Barak Goodman,2019,TV-MA,4708,Woodstock ,Documentary|History|Music,Michael Wadleigh,1970.0,USA,600000.0,13300000.0,8.1,R
478,1193,World Trade Center,Movie,United States,Oliver Stone,2006,PG-13,668,World Trade Center ,Drama|History|Thriller,Oliver Stone,2006.0,USA,63000000.0,70236496.0,6.0,PG-13
479,3600,Wyatt Earp,Movie,United States,Lawrence Kasdan,1994,PG-13,698,Wyatt Earp ,Adventure|Biography|Crime|Drama|Western,Lawrence Kasdan,1994.0,USA,63000000.0,25052000.0,6.6,PG-13
480,2757,Y Tu Mamá También,Movie,Mexico,Alfonso Cuarón,2001,R,3740,Y Tu Mamá También ,Adventure|Comedy|Drama|Romance,Alfonso Cuarón,2001.0,Mexico,2000000.0,13622333.0,7.7,R
481,3601,Yes Man,Movie,"United States, United Kingdom",Peyton Reed,2008,PG-13,941,Yes Man ,Comedy|Romance,Peyton Reed,2008.0,USA,70000000.0,97680195.0,6.8,PG-13
482,4437,Yoga Hosers,Movie,United States,Kevin Smith,2016,PG-13,3817,Yoga Hosers ,Comedy|Fantasy|Horror|Thriller,Kevin Smith,2016.0,USA,5000000.0,,4.8,PG-13
483,332,You Don't Mess with the Zohan,Movie,United States,Dennis Dugan,2008,UR,371,You Don't Mess with the Zohan ,Action|Comedy,Dennis Dugan,2008.0,USA,90000000.0,100018837.0,5.5,PG-13
484,1194,Young Adult,Movie,United States,Jason Reitman,2011,R,2962,Young Adult ,Comedy|Drama,Jason Reitman,2011.0,USA,12000000.0,16300302.0,6.3,R
485,1195,"Yours, Mine and Ours",Movie,United States,Raja Gosnell,2005,PG,1099,"Yours, Mine and Ours ",Comedy|Family,Melville Shavelson,1968.0,USA,2500000.0,,7.2,Unrated
486,918,Zack and Miri Make a Porno,Movie,United States,Kevin Smith,2008,R,2030,Zack and Miri Make a Porno ,Comedy|Romance,Kevin Smith,2008.0,USA,24000000.0,31452765.0,6.6,R
487,1196,Zodiac,Movie,United States,David Fincher,2007,R,434,Zodiac ,Crime|Drama|History|Mystery|Thriller,David Fincher,2007.0,USA,65000000.0,33048353.0,7.7,R
488,1435,Zombieland,Movie,United States,Ruben Fleischer,2009,R,2048,Zombieland ,Adventure|Comedy|Horror|Sci-Fi,Ruben Fleischer,2009.0,USA,23600000.0,75590286.0,7.7,R
489,3456,Zoom,Movie,United States,Peter Hewitt,2006,PG,1495,Zoom ,Action|Adventure|Family|Sci-Fi,Peter Hewitt,2006.0,USA,35000000.0,11631245.0,4.2,PG
490,4567,Zoom,Movie,"Brazil, Canada",Pedro Morelli,2015,NR,1495,Zoom ,Action|Adventure|Family|Sci-Fi,Peter Hewitt,2006.0,USA,35000000.0,11631245.0,4.2,PG
491,4048,Æon Flux,Movie,United States,Karyn Kusama,2005,PG-13,882,Æon Flux ,Action|Sci-Fi,Karyn Kusama,2005.0,USA,62000000.0,25857987.0,5.5,PG-13
